Year,Series,Units,Возраст,Пол,Вид деятельности,Value
2015,Average hourly earnings of employees by sex and occupation,в местной валюте,15+,BOTHSEX,всего,562.86
2015,Average hourly earnings of employees by sex and occupation,в местной валюте,15+,BOTHSEX,isco08-1,817.42
2015,Average hourly earnings of employees by sex and occupation,в местной валюте,15+,BOTHSEX,isco08-2,718.07
2015,Average hourly earnings of employees by sex and occupation,в местной валюте,15+,BOTHSEX,isco08-3,564.99
2015,Average hourly earnings of employees by sex and occupation,в местной валюте,15+,BOTHSEX,isco08-4,474.43
2015,Average hourly earnings of employees by sex and occupation,в местной валюте,15+,BOTHSEX,isco08-5,434.38
2015,Average hourly earnings of employees by sex and occupation,в местной валюте,15+,BOTHSEX,isco08-6,526.86
2015,Average hourly earnings of employees by sex and occupation,в местной валюте,15+,BOTHSEX,isco08-7,494.83
2015,Average hourly earnings of employees by sex and occupation,в местной валюте,15+,BOTHSEX,isco08-8,542.56
2015,Average hourly earnings of employees by sex and occupation,в местной валюте,15+,BOTHSEX,isco08-9,388.55
2015,Average hourly earnings of employees by sex and occupation,в местной валюте,15+,FEMALE,всего,497.84
2015,Average hourly earnings of employees by sex and occupation,в местной валюте,15+,FEMALE,isco08-1,684.03
2015,Average hourly earnings of employees by sex and occupation,в местной валюте,15+,FEMALE,isco08-2,626.91
2015,Average hourly earnings of employees by sex and occupation,в местной валюте,15+,FEMALE,isco08-3,494.56
2015,Average hourly earnings of employees by sex and occupation,в местной валюте,15+,FEMALE,isco08-4,448.46
2015,Average hourly earnings of employees by sex and occupation,в местной валюте,15+,FEMALE,isco08-5,374.03
2015,Average hourly earnings of employees by sex and occupation,в местной валюте,15+,FEMALE,isco08-6,485.86
2015,Average hourly earnings of employees by sex and occupation,в местной валюте,15+,FEMALE,isco08-7,369.49
2015,Average hourly earnings of employees by sex and occupation,в местной валюте,15+,FEMALE,isco08-8,539.04
2015,Average hourly earnings of employees by sex and occupation,в местной валюте,15+,FEMALE,isco08-9,368.42
2015,Average hourly earnings of employees by sex and occupation,в местной валюте,15+,MALE,всего,620.39
2015,Average hourly earnings of employees by sex and occupation,в местной валюте,15+,MALE,isco08-1,878.8
2015,Average hourly earnings of employees by sex and occupation,в местной валюте,15+,MALE,isco08-2,872.27
2015,Average hourly earnings of employees by sex and occupation,в местной валюте,15+,MALE,isco08-3,675.12
2015,Average hourly earnings of employees by sex and occupation,в местной валюте,15+,MALE,isco08-4,535.71
2015,Average hourly earnings of employees by sex and occupation,в местной валюте,15+,MALE,isco08-5,491.94
2015,Average hourly earnings of employees by sex and occupation,в местной валюте,15+,MALE,isco08-6,557.05
2015,Average hourly earnings of employees by sex and occupation,в местной валюте,15+,MALE,isco08-7,536.41
2015,Average hourly earnings of employees by sex and occupation,в местной валюте,15+,MALE,isco08-8,542.74
2015,Average hourly earnings of employees by sex and occupation,в местной валюте,15+,MALE,isco08-9,405.37
2016,Average hourly earnings of employees by sex and occupation,в местной валюте,15+,BOTHSEX,всего,586.04
2016,Average hourly earnings of employees by sex and occupation,в местной валюте,15+,BOTHSEX,isco08-1,882.85
2016,Average hourly earnings of employees by sex and occupation,в местной валюте,15+,BOTHSEX,isco08-2,754.7
2016,Average hourly earnings of employees by sex and occupation,в местной валюте,15+,BOTHSEX,isco08-3,582.82
2016,Average hourly earnings of employees by sex and occupation,в местной валюте,15+,BOTHSEX,isco08-4,493.78
2016,Average hourly earnings of employees by sex and occupation,в местной валюте,15+,BOTHSEX,isco08-5,455.58
2016,Average hourly earnings of employees by sex and occupation,в местной валюте,15+,BOTHSEX,isco08-6,372.38
2016,Average hourly earnings of employees by sex and occupation,в местной валюте,15+,BOTHSEX,isco08-7,535.5
2016,Average hourly earnings of employees by sex and occupation,в местной валюте,15+,BOTHSEX,isco08-8,573.66
2016,Average hourly earnings of employees by sex and occupation,в местной валюте,15+,BOTHSEX,isco08-9,394.21
2016,Average hourly earnings of employees by sex and occupation,в местной валюте,15+,FEMALE,всего,518.19
2016,Average hourly earnings of employees by sex and occupation,в местной валюте,15+,FEMALE,isco08-1,835.54
2016,Average hourly earnings of employees by sex and occupation,в местной валюте,15+,FEMALE,isco08-2,695.26
2016,Average hourly earnings of employees by sex and occupation,в местной валюте,15+,FEMALE,isco08-3,467.03
2016,Average hourly earnings of employees by sex and occupation,в местной валюте,15+,FEMALE,isco08-4,440.32
2016,Average hourly earnings of employees by sex and occupation,в местной валюте,15+,FEMALE,isco08-5,365.23
2016,Average hourly earnings of employees by sex and occupation,в местной валюте,15+,FEMALE,isco08-6,375.7
2016,Average hourly earnings of employees by sex and occupation,в местной валюте,15+,FEMALE,isco08-7,430.78
2016,Average hourly earnings of employees by sex and occupation,в местной валюте,15+,FEMALE,isco08-8,388.13
2016,Average hourly earnings of employees by sex and occupation,в местной валюте,15+,FEMALE,isco08-9,357.22
2016,Average hourly earnings of employees by sex and occupation,в местной валюте,15+,MALE,всего,647.84
2016,Average hourly earnings of employees by sex and occupation,в местной валюте,15+,MALE,isco08-1,904.87
2016,Average hourly earnings of employees by sex and occupation,в местной валюте,15+,MALE,isco08-2,861.11
2016,Average hourly earnings of employees by sex and occupation,в местной валюте,15+,MALE,isco08-3,744.44
2016,Average hourly earnings of employees by sex and occupation,в местной валюте,15+,MALE,isco08-4,577.89
2016,Average hourly earnings of employees by sex and occupation,в местной валюте,15+,MALE,isco08-5,539.07
2016,Average hourly earnings of employees by sex and occupation,в местной валюте,15+,MALE,isco08-6,370.79
2016,Average hourly earnings of employees by sex and occupation,в местной валюте,15+,MALE,isco08-7,575.67
2016,Average hourly earnings of employees by sex and occupation,в местной валюте,15+,MALE,isco08-8,580.9
2016,Average hourly earnings of employees by sex and occupation,в местной валюте,15+,MALE,isco08-9,430.56
2017,Average hourly earnings of employees by sex and occupation,в местной валюте,15+,BOTHSEX,всего,592.76
2017,Average hourly earnings of employees by sex and occupation,в местной валюте,15+,BOTHSEX,isco08-1,899.67
2017,Average hourly earnings of employees by sex and occupation,в местной валюте,15+,BOTHSEX,isco08-2,769.63
2017,Average hourly earnings of employees by sex and occupation,в местной валюте,15+,BOTHSEX,isco08-3,559.12
2017,Average hourly earnings of employees by sex and occupation,в местной валюте,15+,BOTHSEX,isco08-4,507.2
2017,Average hourly earnings of employees by sex and occupation,в местной валюте,15+,BOTHSEX,isco08-5,477.13
2017,Average hourly earnings of employees by sex and occupation,в местной валюте,15+,BOTHSEX,isco08-6,400.43
2017,Average hourly earnings of employees by sex and occupation,в местной валюте,15+,BOTHSEX,isco08-7,546.17
2017,Average hourly earnings of employees by sex and occupation,в местной валюте,15+,BOTHSEX,isco08-8,588.44
2017,Average hourly earnings of employees by sex and occupation,в местной валюте,15+,BOTHSEX,isco08-9,433.45
2017,Average hourly earnings of employees by sex and occupation,в местной валюте,15+,FEMALE,всего,519.89
2017,Average hourly earnings of employees by sex and occupation,в местной валюте,15+,FEMALE,isco08-1,930.49
2017,Average hourly earnings of employees by sex and occupation,в местной валюте,15+,FEMALE,isco08-2,675.51
2017,Average hourly earnings of employees by sex and occupation,в местной валюте,15+,FEMALE,isco08-3,465.7
2017,Average hourly earnings of employees by sex and occupation,в местной валюте,15+,FEMALE,isco08-4,461.56
2017,Average hourly earnings of employees by sex and occupation,в местной валюте,15+,FEMALE,isco08-5,376.98
2017,Average hourly earnings of employees by sex and occupation,в местной валюте,15+,FEMALE,isco08-6,399.17
2017,Average hourly earnings of employees by sex and occupation,в местной валюте,15+,FEMALE,isco08-7,411.44
2017,Average hourly earnings of employees by sex and occupation,в местной валюте,15+,FEMALE,isco08-8,492.0
2017,Average hourly earnings of employees by sex and occupation,в местной валюте,15+,FEMALE,isco08-9,395.72
2017,Average hourly earnings of employees by sex and occupation,в местной валюте,15+,MALE,всего,661.29
2017,Average hourly earnings of employees by sex and occupation,в местной валюте,15+,MALE,isco08-1,884.29
2017,Average hourly earnings of employees by sex and occupation,в местной валюте,15+,MALE,isco08-2,937.82
2017,Average hourly earnings of employees by sex and occupation,в местной валюте,15+,MALE,isco08-3,751.8
2017,Average hourly earnings of employees by sex and occupation,в местной валюте,15+,MALE,isco08-4,605.36
2017,Average hourly earnings of employees by sex and occupation,в местной валюте,15+,MALE,isco08-5,553.62
2017,Average hourly earnings of employees by sex and occupation,в местной валюте,15+,MALE,isco08-6,401.27
2017,Average hourly earnings of employees by sex and occupation,в местной валюте,15+,MALE,isco08-7,597.21
2017,Average hourly earnings of employees by sex and occupation,в местной валюте,15+,MALE,isco08-8,594.59
2017,Average hourly earnings of employees by sex and occupation,в местной валюте,15+,MALE,isco08-9,469.84
