Year,Group,Value
2010,Red List Index,0.6
2010,Vertebrates,0.71
2010,Invertebrates,0.58
2010,Higher plants,0.57
2010,Fungi,0.63
2010,Կարմիր գրքի ինդեքս,0.6
2010,Ողնաշարավորներ,0.71
2010,Անողնաշարավորներ,0.58
2010,Բարձրակարգ բույսեր,0.57
2010,Սունկեր,0.63
2010,Индекс красной книги,0.6
2010,Позвоночные,0.71
2010,Беспозвоночные,0.58
2010,Высшие растения,0.57
2010,Грибы,0.63
