Year,Units,Կատեգորիա,Value
2018,%,,43.8
2019,%,,42.8
2020,%,,45.3
2018,%,կրթություն,10.1
2019,%,կրթություն,9.5
2020,%,կրթություն,9.1
2018,%,առողջապահություն,5.4
2019,%,առողջապահություն,6.0
2020,%,առողջապահություն,7.7
2018,%,սոցիալական պաշտպանություն,28.3
2019,%,սոցիալական պաշտպանություն,27.3
2020,%,սոցիալական պաշտպանություն,28.5
2021,%,,47.0
2021,%,կրթություն,9.0
2021,%,առողջապահություն,7.8
2021,,սոցիալական պաշտպանություն,30.2
