Year,Ցուցանիշ,Units,Value
2015,Որակավորված մասնագետի կողմից նախածննդյան հսկողության և խնամքի ապահովում,%,100.0
2015,Հղիության ընթացքում առնվազն մեկ ուլտրաձայնային հետազոտության իրականացում,%,99.0
2015,Ծննդաբերությունից հետո առաջին երկու օրվա ընթացքում մոր հետծննդյան ստուգում,%,97.0
2015,Ծննդաբերությունից հետո առաջին երկու օրվա ընթացքում նորածնի ստուգում,%,98.0
