Year,Units,Սեռ,Value
2015,դրամ,,171615
2016,դրամ,,174445
2017,դրամ,,177817
*2017,դրամ,,166004
*2018,դրամ,,172727
2019,դրամ,,182673
2020,դրամ,,189716
2015,դրամ,արական,203657
2016,դրամ,արական,209271
2017,դրամ,արական,211720
*2017,դրամ,արական,209035
*2018,դրամ,արական,210783
2019,դրամ,արական,222510
2020,դրամ,արական,231520
2015,դրամ,իգական,135492
2016,դրամ,իգական,138901
2017,դրամ,իգական,143016
*2017,դրամ,իգական,117941
*2018,դրամ,իգական,136363
2019,դրամ,իգական,145198
2020,դրամ,իգական,150306
