Year,Units,Sex,Category,Age,Value
2015,%,,,,2.11
2016,%,,,,2.21
2017,%,,,,2.12
2018,%,,,,2.2
2019,%,,,,2.43
2020,%,,,,2.58
2015,%,male,,,2.31
2016,%,male,,,2.42
2017,%,male,,,2.36
2018,%,male,,,2.44
2019,%,male,,,2.66
2020,%,male,,,2.79
2015,%,female,,,1.93
2016,%,female,,,2.02
2017,%,female,,,1.9
2018,%,female,,,1.98
2019,%,female,,,2.21
2020,%,female,,,2.39
2015,%,,old age,,0.12
2016,%,,old age,,0.13
2017,%,,old age,,0.16
2018,%,,old age,,0.19
2019,%,,old age,,0.26
2020,%,,old age,,0.33
2015,%,male,old age,,0.04
2016,%,male,old age,,0.06
2017,%,male,old age,,0.07
2018,%,male,old age,,0.09
2019,%,male,old age,,0.13
2020,%,male,old age,,0.16
2015,%,female,old age,,0.18
2016,%,female,old age,,0.2
2017,%,female,old age,,0.23
2018,%,female,old age,,0.28
2019,%,female,old age,,0.38
2020,%,female,old age,,0.48
2015,%,,disability,,1.6
2016,%,,disability,,1.68
2017,%,,disability,,1.57
2018,%,,disability,,1.61
2019,%,,disability,,1.76
2020,%,,disability,,1.84
2015,%,male,disability,,1.94
2016,%,male,disability,,2.02
2017,%,male,disability,,1.95
2018,%,male,disability,,2.0
2019,%,male,disability,,2.17
2020,%,male,disability,,2.26
2015,%,female,disability,,1.29
2016,%,female,disability,,1.36
2017,%,female,disability,,1.23
2018,%,female,disability,,1.26
2019,%,female,disability,,1.39
2020,%,female,disability,,1.46
2015,%,,in case of losing a breadwinner,,0.39
2016,%,,in case of losing a breadwinner,,0.4
2017,%,,in case of losing a breadwinner,,0.39
2018,%,,in case of losing a breadwinner,,0.4
2019,%,,in case of losing a breadwinner,,0.41
2020,%,,in case of losing a breadwinner,,0.41
2015,%,male,in case of losing a breadwinner,,0.32
2016,%,male,in case of losing a breadwinner,,0.34
2017,%,male,in case of losing a breadwinner,,0.34
2018,%,male,in case of losing a breadwinner,,0.35
2019,%,male,in case of losing a breadwinner,,0.36
2020,%,male,in case of losing a breadwinner,,0.37
2015,%,female,in case of losing a breadwinner,,0.46
2016,%,female,in case of losing a breadwinner,,0.45
2017,%,female,in case of losing a breadwinner,,0.44
2018,%,female,in case of losing a breadwinner,,0.44
2019,%,female,in case of losing a breadwinner,,0.44
2020,%,female,in case of losing a breadwinner,,0.45
2015,%,,,up to 51 years old,2.39
2016,%,,,up to 51 years old,2.46
2017,%,,,up to 51 years old,2.34
2018,%,,,up to 51 years old,2.35
2019,%,,,up to 51 years old,2.48
2020,%,,,up to 51 years old,2.51
2015,%,male,,up to 51 years old,2.77
2016,%,male,,up to 51 years old,2.87
2017,%,male,,up to 51 years old,2.77
2018,%,male,,up to 51 years old,2.79
2019,%,male,,up to 51 years old,2.93
2020,%,male,,up to 51 years old,2.96
2015,%,female,,up to 51 years old,2.02
2016,%,female,,up to 51 years old,2.06
2017,%,female,,up to 51 years old,1.93
2018,%,female,,up to 51 years old,1.93
2019,%,female,,up to 51 years old,2.03
2020,%,female,,up to 51 years old,2.06
2015,%,,,aged 51-55 years,1.99
2016,%,,,aged 51-55 years,2.36
2017,%,,,aged 51-55 years,2.2
2018,%,,,aged 51-55 years,2.47
2019,%,,,aged 51-55 years,3.03
2020,%,,,aged 51-55 years,3.5
2015,%,male,,aged 51-55 years,1.8
2016,%,male,,aged 51-55 years,2.27
2017,%,male,,aged 51-55 years,2.37
2018,%,male,,aged 51-55 years,2.84
2019,%,male,,aged 51-55 years,3.62
2020,%,male,,aged 51-55 years,4.23
2015,%,female,,aged 51-55 years,2.15
2016,%,female,,aged 51-55 years,2.44
2017,%,female,,aged 51-55 years,2.06
2018,%,female,,aged 51-55 years,2.18
2019,%,female,,aged 51-55 years,2.57
2020,%,female,,aged 51-55 years,2.93
2015,%,,,aged 56-62 years,1.24
2016,%,,,aged 56-62 years,1.37
2017,%,,,aged 56-62 years,1.27
2018,%,,,aged 56-62 years,1.48
2019,%,,,aged 56-62 years,1.9
2020,%,,,aged 56-62 years,2.26
2015,%,male,,aged 56-62 years,0.87
2016,%,male,,aged 56-62 years,0.98
2017,%,male,,aged 56-62 years,1.02
2018,%,male,,aged 56-62 years,1.26
2019,%,male,,aged 56-62 years,1.73
2020,%,male,,aged 56-62 years,2.18
2015,%,female,,aged 56-62 years,1.55
2016,%,female,,aged 56-62 years,1.69
2017,%,female,,aged 56-62 years,1.46
2018,%,female,,aged 56-62 years,1.65
2019,%,female,,aged 56-62 years,2.03
2020,%,female,,aged 56-62 years,2.32
2015,%,,,aged 63 and over,1.24
2016,%,,,aged 63 and over,1.39
2017,%,,,aged 63 and over,1.54
2018,%,,,aged 63 and over,1.81
2019,%,,,aged 63 and over,2.3
2020,%,,,aged 63 and over,2.78
2015,%,male,,aged 63 and over,0.6
2016,%,male,,aged 63 and over,0.72
2017,%,male,,aged 63 and over,0.84
2018,%,male,,aged 63 and over,1.05
2019,%,male,,aged 63 and over,1.36
2020,%,male,,aged 63 and over,1.67
2015,%,female,,aged 63 and over,1.67
2016,%,female,,aged 63 and over,1.84
2017,%,female,,aged 63 and over,2.01
2018,%,female,,aged 63 and over,2.31
2019,%,female,,aged 63 and over,2.92
2020,%,female,,aged 63 and over,3.51
2021,%,,,,2.84
2021,%,male,,,3.02
2021,%,female,,,2.69
2021,%,,old age,,0.44
2021,%,male,old age,,0.21
2021,%,female,old age,,0.63
2021,%,,disability,,1.95
2021,%,male,disability,,2.39
2021,%,female,disability,,1.56
2021,%,,in case of losing a breadwinner,,0.46
2021,%,male,in case of losing a breadwinner,,0.41
2021,%,female,in case of losing a breadwinner,,0.5
2021,%,,,up to 51 years old,2.63
2021,%,male,,up to 51 years old,3.09
2021,%,female,,up to 51 years old,2.19
2021,%,,,aged 51-55 years,3.84
2021,%,male,,aged 51-55 years,4.13
2021,%,female,,aged 51-55 years,3.22
2021,%,,,aged 56-62 years,2.73
2021,%,male,,aged 56-62 years,2.81
2021,%,female,,aged 56-62 years,2.67
2021,%,,,aged 63 and over,3.52
2021,%,male,,aged 63 and over,2.15
2021,%,female,,aged 63 and over,4.42
2022,%,,,,3.03
2022,%,male,,,3.15
2022,%,female,,,2.93
2022,%,,old age,,0.59
2022,%,male,old age,,0.3
2022,%,female,old age,,0.85
2022,%,,disability,,1.98
2022,%,male,disability,,2.44
2022,%,female,disability,,1.58
2022,%,,in case of losing a breadwinner,,0.46
2022,%,male,in case of losing a breadwinner,,0.42
2022,%,female,in case of losing a breadwinner,,0.5
2022,%,,,up to 51 years old,2.62
2022,%,male,,up to 51 years old,3.08
2022,%,female,,up to 51 years old,2.17
2022,%,,,aged 51-55 years,3.95
2022,%,male,,aged 51-55 years,4.92
2022,%,female,,aged 51-55 years,3.2
2022,%,,,aged 56-62 years,3.01
2022,%,male,,aged 56-62 years,3.26
2022,%,female,,aged 56-62 years,2.82
2022,%,,,aged 63 and over,4.51
2022,%,male,,aged 63 and over,2.83
2022,%,female,,aged 63 and over,5.61
