Year,Units,Sex,Category,Age,Value
2015,%,,,,15.53
2016,%,,,,15.69
2017,%,,,,15.41
2018,%,,,,15.62
2019,%,,,,15.76
2020,%,,,,15.76
2015,%,male,,,12.73
2016,%,male,,,12.93
2017,%,male,,,12.74
2018,%,male,,,12.97
2019,%,male,,,13.14
2020,%,male,,,13.15
2015,%,female,,,18.09
2016,%,female,,,18.19
2017,%,female,,,17.82
2018,%,female,,,17.99
2019,%,female,,,18.11
2020,%,female,,,18.09
2015,%,,age-related,,10.19
2016,%,,age-related,,10.33
2017,%,,age-related,,10.52
2018,%,,age-related,,10.88
2019,%,,age-related,,11.15
2020,%,,age-related,,11.29
2015,%,male,age-related,,7.93
2016,%,male,age-related,,8.09
2017,%,male,age-related,,8.3
2018,%,male,age-related,,8.65
2019,%,male,age-related,,8.93
2020,%,male,age-related,,9.08
2015,%,female,age-related,,12.25
2016,%,female,age-related,,12.36
2017,%,female,age-related,,12.53
2018,%,female,age-related,,12.88
2019,%,female,age-related,,13.14
2020,%,female,age-related,,13.27
2015,%,,on privileged terms,,0.09
2016,%,,on privileged terms,,0.08
2017,%,,on privileged terms,,0.08
2018,%,,on privileged terms,,0.07
2019,%,,on privileged terms,,0.06
2020,%,,on privileged terms,,0.05
2015,%,male,on privileged terms,,0.14
2016,%,male,on privileged terms,,0.13
2017,%,male,on privileged terms,,0.12
2018,%,male,on privileged terms,,0.11
2019,%,male,on privileged terms,,0.09
2020,%,male,on privileged terms,,0.08
2015,%,female,on privileged terms,,0.05
2016,%,female,on privileged terms,,0.05
2017,%,female,on privileged terms,,0.04
2018,%,female,on privileged terms,,0.03
2019,%,female,on privileged terms,,0.03
2020,%,female,on privileged terms,,0.03
2015,%,,long-term service,,0.04
2016,%,,long-term service,,0.02
2017,%,,long-term service,,0.02
2018,%,,long-term service,,0.02
2019,%,,long-term service,,0.02
2020,%,,long-term service,,0.01
2015,%,male,long-term service,,0.04
2016,%,male,long-term service,,0.03
2017,%,male,long-term service,,0.03
2018,%,male,long-term service,,0.02
2019,%,male,long-term service,,0.02
2020,%,male,long-term service,,0.02
2015,%,female,long-term service,,0.04
2016,%,female,long-term service,,0.02
2017,%,female,long-term service,,0.01
2018,%,female,long-term service,,0.01
2019,%,female,long-term service,,0.01
2020,%,female,long-term service,,0.01
2015,%,,partially,,0.5
2016,%,,partially,,0.49
2017,%,,partially,,0.47
2018,%,,partially,,0.44
2019,%,,partially,,0.41
2020,%,,partially,,0.37
2015,%,male,partially,,0.11
2016,%,male,partially,,0.11
2017,%,male,partially,,0.1
2018,%,male,partially,,0.09
2019,%,male,partially,,0.09
2020,%,male,partially,,0.07
2015,%,female,partially,,0.85
2016,%,female,partially,,0.83
2017,%,female,partially,,0.8
2018,%,female,partially,,0.76
2019,%,female,partially,,0.7
2020,%,female,partially,,0.64
2015,%,,disability,,4.28
2016,%,,disability,,4.35
2017,%,,disability,,3.93
2018,%,,disability,,3.84
2019,%,,disability,,3.78
2020,%,,disability,,3.7
2015,%,male,disability,,4.13
2016,%,male,disability,,4.19
2017,%,male,disability,,3.82
2018,%,male,disability,,3.74
2019,%,male,disability,,3.68
2020,%,male,disability,,3.59
2015,%,female,disability,,4.41
2016,%,female,disability,,4.48
2017,%,female,disability,,4.02
2018,%,female,disability,,3.92
2019,%,female,disability,,3.88
2020,%,female,disability,,3.81
2015,%,,in case of losing a breadwinner,,0.36
2016,%,,in case of losing a breadwinner,,0.34
2017,%,,in case of losing a breadwinner,,0.31
2018,%,,in case of losing a breadwinner,,0.29
2019,%,,in case of losing a breadwinner,,0.26
2020,%,,in case of losing a breadwinner,,0.25
2015,%,male,in case of losing a breadwinner,,0.21
2016,%,male,in case of losing a breadwinner,,0.21
2017,%,male,in case of losing a breadwinner,,0.19
2018,%,male,in case of losing a breadwinner,,0.18
2019,%,male,in case of losing a breadwinner,,0.16
2020,%,male,in case of losing a breadwinner,,0.15
2015,%,female,in case of losing a breadwinner,,0.49
2016,%,female,in case of losing a breadwinner,,0.45
2017,%,female,in case of losing a breadwinner,,0.42
2018,%,female,in case of losing a breadwinner,,0.39
2019,%,female,in case of losing a breadwinner,,0.35
2020,%,female,in case of losing a breadwinner,,0.33
2016,%,,defined by other laws,,0.01
2017,%,,defined by other laws,,0.02
2018,%,,defined by other laws,,0.02
2019,%,,defined by other laws,,0.02
2020,%,,defined by other laws,,0.02
2016,%,male,defined by other laws,,0.01
2017,%,male,defined by other laws,,0.04
2018,%,male,defined by other laws,,0.04
2019,%,male,defined by other laws,,0.04
2020,%,male,defined by other laws,,0.05
2016,%,female,defined by other laws,,0.002
2017,%,female,defined by other laws,,0.004
2018,%,female,defined by other laws,,0.004
2019,%,female,defined by other laws,,0.004
2020,%,female,defined by other laws,,0.004
2015,%,,related to military service,,0.08
2016,%,,related to military service,,0.07
2017,%,,related to military service,,0.07
2018,%,,related to military service,,0.06
2019,%,,related to military service,,0.06
2020,%,,related to military service,,0.06
2015,%,male,related to military service,,0.16
2016,%,male,related to military service,,0.15
2017,%,male,related to military service,,0.14
2018,%,male,related to military service,,0.13
2019,%,male,related to military service,,0.13
2020,%,male,related to military service,,0.12
2015,%,female,related to military service,,0.002
2016,%,female,related to military service,,0.001
2017,%,female,related to military service,,0.001
2018,%,female,related to military service,,0.001
2019,%,female,related to military service,,0.001
2020,%,female,related to military service,,0.0004
2015,%,,,up to 51 years old,1.02
2016,%,,,up to 51 years old,0.95
2017,%,,,up to 51 years old,0.79
2018,%,,,up to 51 years old,0.7
2019,%,,,up to 51 years old,0.62
2020,%,,,up to 51 years old,0.58
2015,%,male,,up to 51 years old,0.99
2016,%,male,,up to 51 years old,0.94
2017,%,male,,up to 51 years old,0.79
2018,%,male,,up to 51 years old,0.72
2019,%,male,,up to 51 years old,0.64
2020,%,male,,up to 51 years old,0.6
2015,%,female,,up to 51 years old,1.06
2016,%,female,,up to 51 years old,0.97
2017,%,female,,up to 51 years old,0.78
2018,%,female,,up to 51 years old,0.69
2019,%,female,,up to 51 years old,0.6
2020,%,female,,up to 51 years old,0.56
2015,%,,,aged 51 - 55 years,10.32
2016,%,,,aged 51 - 55 years,10.01
2017,%,,,aged 51 - 55 years,8.15
2018,%,,,aged 51 - 55 years,7.37
2019,%,,,aged 51 - 55 years,4.41
2020,%,,,aged 51 - 55 years,3.96
2015,%,male,,aged 51 - 55 years,10.47
2016,%,male,,aged 51 - 55 years,10.38
2017,%,male,,aged 51 - 55 years,8.75
2018,%,male,,aged 51 - 55 years,7.93
2019,%,male,,aged 51 - 55 years,5.06
2020,%,male,,aged 51 - 55 years,4.46
2015,%,female,,aged 51 - 55 years,10.2
2016,%,female,,aged 51 - 55 years,9.72
2017,%,female,,aged 51 - 55 years,7.68
2018,%,female,,aged 51 - 55 years,6.92
2019,%,female,,aged 51 - 55 years,3.91
2020,%,female,,aged 51 - 55 years,3.57
2015,%,,,aged 56 - 62 years,23.32
2016,%,,,aged 56 - 62 years,22.58
2017,%,,,aged 56 - 62 years,19.33
2018,%,,,aged 56 - 62 years,18.05
2019,%,,,aged 56 - 62 years,15.21
2020,%,,,aged 56 - 62 years,13.91
2015,%,male,,aged 56 - 62 years,20.14
2016,%,male,,aged 56 - 62 years,19.87
2017,%,male,,aged 56 - 62 years,17.23
2018,%,male,,aged 56 - 62 years,16.42
2019,%,male,,aged 56 - 62 years,14.14
2020,%,male,,aged 56 - 62 years,13.15
2015,%,female,,aged 56 - 62 years,25.9
2016,%,female,,aged 56 - 62 years,24.76
2017,%,female,,aged 56 - 62 years,21.0
2018,%,female,,aged 56 - 62 years,19.34
2019,%,female,,aged 56 - 62 years,16.04
2020,%,female,,aged 56 - 62 years,14.5
2015,%,,,aged 63 and over,92.73
2016,%,,,aged 63 and over,92.52
2017,%,,,aged 63 and over,91.47
2018,%,,,aged 63 and over,91.36
2019,%,,,aged 63 and over,92.57
2020,%,,,aged 63 and over,91.71
2015,%,male,,aged 63 and over,88.1
2016,%,male,,aged 63 and over,88.25
2017,%,male,,aged 63 and over,87.48
2018,%,male,,aged 63 and over,87.86
2019,%,male,,aged 63 and over,89.58
2020,%,male,,aged 63 and over,89.28
2015,%,female,,aged 63 and over,95.83
2016,%,female,,aged 63 and over,95.38
2017,%,female,,aged 63 and over,94.14
2018,%,female,,aged 63 and over,93.7
2019,%,female,,aged 63 and over,94.55
2020,%,female,,aged 63 and over,93.32
