Year,Units,Indicator,Value
2016,%,"Consumer Prices, Food Indexes (2015 = 100)",-1.4
2017,%,"Consumer Prices, Food Indexes (2015 = 100)",-0.4
2018,%,"Consumer Prices, Food Indexes (2015 = 100)",2.1
2019,%,"Consumer Prices, Food Indexes (2015 = 100)",3.5
2020,%,"Consumer Prices, Food Indexes (2015 = 100)",4.8
2021,%,"Consumer Prices, Food Indexes (2015 = 100)",12.3
2022,%,"Consumer Prices, Food Indexes (2015 = 100)",22.0
2023,%,"Consumer Prices, Food Indexes (2015 = 100)",24.4
2024,%,"Consumer Prices, Food Indexes (2015 = 100)",24.8
2015,index,"Indicator of Food Price Anomalies (IFPA), by Consumer Food Price Index, Total",0.75
2016,index,"Indicator of Food Price Anomalies (IFPA), by Consumer Food Price Index, Total",0.59
2017,index,"Indicator of Food Price Anomalies (IFPA), by Consumer Food Price Index, Total",1.06
2018,index,"Indicator of Food Price Anomalies (IFPA), by Consumer Food Price Index, Total",-0.11
2019,index,"Indicator of Food Price Anomalies (IFPA), by Consumer Food Price Index, Total",-0.1
2020,index,"Indicator of Food Price Anomalies (IFPA), by Consumer Food Price Index, Total",-0.27
2021,index,"Indicator of Food Price Anomalies (IFPA), by Consumer Food Price Index, Total",1.68
2022,index,"Indicator of Food Price Anomalies (IFPA), by Consumer Food Price Index, Total",0.91
2023,index,"Indicator of Food Price Anomalies (IFPA), by Consumer Food Price Index, Total",-1.12
2015,index,"Indicator of Food Price Anomalies (IFPA), Wheat",0.49
2016,index,"Indicator of Food Price Anomalies (IFPA), Wheat",-0.9
2017,index,"Indicator of Food Price Anomalies (IFPA), Wheat",-0.45
2018,index,"Indicator of Food Price Anomalies (IFPA), Wheat",-0.39
2019,index,"Indicator of Food Price Anomalies (IFPA), Wheat",-0.32
2020,index,"Indicator of Food Price Anomalies (IFPA), Wheat",0.63
2021,index,"Indicator of Food Price Anomalies (IFPA), Wheat",0.07
2022,index,"Indicator of Food Price Anomalies (IFPA), Wheat",0.51
2023,index,"Indicator of Food Price Anomalies (IFPA), Wheat",-2.32
2024,index,"Indicator of Food Price Anomalies (IFPA), Wheat",1.23
