Year,Units,Indicators,Location,Sex,Category,Value
2015,%,Proportion of households with ownership over agricultural land,,,,39.7
2015,%,Proportion of households with ownership over agricultural land,urban,,,13.0
2015,%,Proportion of households with ownership over agricultural land,rural,,,84.2
2015,%,"Proportion of population age 15-49 with ownership (alone, jointly with someone else or both alone and jointly with someone else) over agricultural or non-agricultural land, who have a title deed and their name is listed on the title deed",,female,75.2,
2015,%,"Proportion of population age 15-49 with ownership (alone, jointly with someone else or both alone and jointly with someone else) over agricultural or non-agricultural land, who have a title deed and their name is listed on the title deed",,female,alone,1.6
2015,%,"Proportion of population age 15-49 with ownership (alone, jointly with someone else or both alone and jointly with someone else) over agricultural or non-agricultural land, who have a title deed and their name is listed on the title deed",,female,jointly with someone else,13.1
2015,%,"Proportion of population age 15-49 with ownership (alone, jointly with someone else or both alone and jointly with someone else) over agricultural or non-agricultural land, who have a title deed and their name is listed on the title deed",,female,alone and jointly with someone else,1.0
2015,%,"Proportion of population age 15-49 with ownership (alone, jointly with someone else or both alone and jointly with someone else) over agricultural or non-agricultural land, who have a title deed and their name is listed on the title deed",,male,85.7,
2015,%,"Proportion of population age 15-49 with ownership (alone, jointly with someone else or both alone and jointly with someone else) over agricultural or non-agricultural land, who have a title deed and their name is listed on the title deed",,male,alone,7.7
2015,%,"Proportion of population age 15-49 with ownership (alone, jointly with someone else or both alone and jointly with someone else) over agricultural or non-agricultural land, who have a title deed and their name is listed on the title deed",,male,jointly with someone else,26.6
2015,%,"Proportion of population age 15-49 with ownership (alone, jointly with someone else or both alone and jointly with someone else) over agricultural or non-agricultural land, who have a title deed and their name is listed on the title deed",,male,alone and jointly with someone else,0.5
