Year,Units,Category,Age,Sex,Location,Value
2015,%,total,aged 15-29 years,,,34.5
2016,%,total,aged 15-29 years,,,34.6
2017,%,total,aged 15-29 years,,,34.6
2018,%,total,aged 15-29 years,,,32.7
2019,%,total,aged 15-29 years,,,31.0
2020,%,total,aged 15-29 years,,,31.0
2015,%,,aged 15-29 years,male,,23.5
2016,%,,aged 15-29 years,male,,22.7
2017,%,,aged 15-29 years,male,,23.4
2018,%,,aged 15-29 years,male,,21.2
2019,%,,aged 15-29 years,male,,20.8
2020,%,,aged 15-29 years,male,,22.6
2015,%,,aged 15-29 years,female,,44.6
2016,%,,aged 15-29 years,female,,46.5
2017,%,,aged 15-29 years,female,,45.9
2018,%,,aged 15-29 years,female,,44.0
2019,%,,aged 15-29 years,female,,41.6
2020,%,,aged 15-29 years,female,,39.9
2015,%,,aged 15-29 years,,urban,36.1
2016,%,,aged 15-29 years,,urban,35.7
2017,%,,aged 15-29 years,,urban,35.9
2018,%,,aged 15-29 years,,urban,30.8
2019,%,,aged 15-29 years,,urban,30.2
2020,%,,aged 15-29 years,,urban,28.0
2015,%,,aged 15-29 years,,rural,32.2
2016,%,,aged 15-29 years,,rural,32.9
2017,%,,aged 15-29 years,,rural,32.7
2018,%,,aged 15-29 years,,rural,34.9
2019,%,,aged 15-29 years,,rural,32.2
2020,%,,aged 15-29 years,,rural,34.9
2015,%,total,aged 15-19 years,,,13.1
2016,%,total,aged 15-19 years,,,14.2
2017,%,total,aged 15-19 years,,,15.6
2018,%,total,aged 15-19 years,,,11.3
2019,%,total,aged 15-19 years,,,8.6
2020,%,total,aged 15-19 years,,,9.5
2015,%,,aged 15-19 years,male,,9.8
2016,%,,aged 15-19 years,male,,11.3
2017,%,,aged 15-19 years,male,,12.0
2018,%,,aged 15-19 years,male,,7.3
2019,%,,aged 15-19 years,male,,5.4
2020,%,,aged 15-19 years,male,,6.8
2015,%,,aged 15-19 years,female,,16.6
2016,%,,aged 15-19 years,female,,17.7
2017,%,,aged 15-19 years,female,,20.2
2018,%,,aged 15-19 years,female,,14.9
2019,%,,aged 15-19 years,female,,12.3
2020,%,,aged 15-19 years,female,,12.4
2015,%,,aged 15-19 years,,urban,14.0
2016,%,,aged 15-19 years,,urban,13.4
2017,%,,aged 15-19 years,,urban,14.8
2018,%,,aged 15-19 years,,urban,9.5
2019,%,,aged 15-19 years,,urban,6.7
2020,%,,aged 15-19 years,,urban,10.2
2015,%,,aged 15-19 years,,rural,12.0
2016,%,,aged 15-19 years,,rural,15.1
2017,%,,aged 15-19 years,,rural,16.4
2018,%,,aged 15-19 years,,rural,13.2
2019,%,,aged 15-19 years,,rural,10.9
2020,%,,aged 15-19 years,,rural,8.5
2015,%,total,aged 20-24 years,,,39.5
2016,%,total,aged 20-24 years,,,40.9
2017,%,total,aged 20-24 years,,,40.3
2018,%,total,aged 20-24 years,,,37.8
2019,%,total,aged 20-24 years,,,36.3
2020,%,total,aged 20-24 years,,,36.2
2015,%,,aged 20-24 years,male,,29.3
2016,%,,aged 20-24 years,male,,27.8
2017,%,,aged 20-24 years,male,,29.7
2018,%,,aged 20-24 years,male,,24.6
2019,%,,aged 20-24 years,male,,29.3
2020,%,,aged 20-24 years,male,,28.1
2015,%,,aged 20-24 years,female,,48.4
2016,%,,aged 20-24 years,female,,52.7
2017,%,,aged 20-24 years,female,,50.1
2018,%,,aged 20-24 years,female,,50.4
2019,%,,aged 20-24 years,female,,43.5
2020,%,,aged 20-24 years,female,,44.9
2015,%,,aged 20-24 years,,urban,38.8
2016,%,,aged 20-24 years,,urban,41.2
2017,%,,aged 20-24 years,,urban,40.2
2018,%,,aged 20-24 years,,urban,32.3
2019,%,,aged 20-24 years,,urban,31.7
2020,%,,aged 20-24 years,,urban,29.3
2015,%,,aged 20-24 years,,rural,40.4
2016,%,,aged 20-24 years,,rural,40.5
2017,%,,aged 20-24 years,,rural,40.4
2018,%,,aged 20-24 years,,rural,43.7
2019,%,,aged 20-24 years,,rural,42.8
2020,%,,aged 20-24 years,,rural,44.5
2015,%,total,aged 15-24 years,,,27.5
2016,%,total,aged 15-24 years,,,28.5
2017,%,total,aged 15-24 years,,,28.7
2018,%,total,aged 15-24 years,,,25.7
2019,%,total,aged 15-24 years,,,23.3
2020,%,total,aged 15-24 years,,,23.0
2015,%,,aged 15-24 years,male,,20.0
2016,%,,aged 15-24 years,male,,19.5
2017,%,,aged 15-24 years,male,,20.7
2018,%,,aged 15-24 years,male,,16.8
2019,%,,aged 15-24 years,male,,17.8
2020,%,,aged 15-24 years,male,,17.5
2015,%,,aged 15-24 years,female,,34.8
2016,%,,aged 15-24 years,female,,37.8
2017,%,,aged 15-24 years,female,,37.5
2018,%,,aged 15-24 years,female,,34.1
2019,%,,aged 15-24 years,female,,29.3
2020,%,,aged 15-24 years,female,,28.8
2015,%,,aged 15-24 years,,urban,27.7
2016,%,,aged 15-24 years,,urban,28.6
2017,%,,aged 15-24 years,,urban,29.3
2018,%,,aged 15-24 years,,urban,21.9
2019,%,,aged 15-24 years,,urban,20.4
2020,%,,aged 15-24 years,,urban,19.4
2015,%,,aged 15-24 years,,rural,27.3
2016,%,,aged 15-24 years,,rural,28.3
2017,%,,aged 15-24 years,,rural,28.1
2018,%,,aged 15-24 years,,rural,30.0
2019,%,,aged 15-24 years,,rural,27.3
2020,%,,aged 15-24 years,,rural,27.8
2015,%,total,aged 25-29 years,,,46.7
2016,%,total,aged 25-29 years,,,45.1
2017,%,total,aged 25-29 years,,,44.5
2018,%,total,aged 25-29 years,,,43.8
2019,%,total,aged 25-29 years,,,43.0
2020,%,total,aged 25-29 years,,,44.5
2015,%,,aged 25-29 years,male,,30.1
2016,%,,aged 25-29 years,male,,28.5
2017,%,,aged 25-29 years,male,,28.4
2018,%,,aged 25-29 years,male,,27.7
2019,%,,aged 25-29 years,male,,25.7
2020,%,,aged 25-29 years,male,,31.3
2015,%,,aged 25-29 years,female,,60.8
2016,%,,aged 25-29 years,female,,60.4
2017,%,,aged 25-29 years,female,,59.1
2018,%,,aged 25-29 years,female,,60.6
2019,%,,aged 25-29 years,female,,59.7
2020,%,,aged 25-29 years,female,,58.0
2015,%,,aged 25-29 years,,urban,49.6
2016,%,,aged 25-29 years,,urban,46.2
2017,%,,aged 25-29 years,,urban,46.1
2018,%,,aged 25-29 years,,urban,44.4
2019,%,,aged 25-29 years,,urban,44.2
2020,%,,aged 25-29 years,,urban,43.2
2015,%,,aged 25-29 years,,rural,41.8
2016,%,,aged 25-29 years,,rural,42.8
2017,%,,aged 25-29 years,,rural,42.0
2018,%,,aged 25-29 years,,rural,43.0
2019,%,,aged 25-29 years,,rural,40.9
2020,%,,aged 25-29 years,,rural,46.1
2021,%,total,aged 15-29 years,,,28.3
2021,%,,aged 15-29 years,male,,19.2
2021,%,,aged 15-29 years,female,,37.3
2021,%,,aged 15-29 years,,urban,27.0
2021,%,,aged 15-29 years,,rural,30.0
2021,%,total,aged 15-19 years,,,6.6
2021,%,total,aged 15-19 years,male,,6.8
2021,%,,aged 15-19 years,female,,6.3
2021,%,,aged 15-19 years,,urban,5.8
2021,%,,aged 15-19 years,,rural,7.6
2021,%,total,aged 20-24 years,,,35.1
2021,%,,aged 20-24 years,male,,26.6
2021,%,,aged 20-24 years,female,,43.4
2021,%,,aged 20-24 years,,urban,33.5
2021,%,,aged 20-24 years,,rural,37.3
2021,%,total,aged 15-24 years,,,20.3
2021,%,,aged 15-24 years,male,,16.2
2021,%,,aged 15-24 years,female,,24.6
2021,%,,aged 15-24 years,,urban,19.2
2021,%,,aged 15-24 years,,rural,22.0
2021,%,total,aged 25-29 years,,,41.6
2021,%,,aged 25-29 years,male,,24.6
2021,%,,aged 25-29 years,female,,57.1
2021,%,,aged 25-29 years,,urban,41.7
2021,%,,aged 25-29 years,,rural,41.4
2018,%,with disabilities ,15-29,,,54.6
2018,%,with disabilities ,,male,,52.7
2018,%,with disabilities ,,female,,57.8
2018,%,with disabilities ,,,urban,49.4
2018,%,with disabilities ,,,rural,63.6
2019,%,with disabilities ,15-29,,,56.4
2019,%,with disabilities ,,male,,57.9
2019,%,with disabilities ,,female,,54.0
2019,%,with disabilities ,,,urban,54.0
2019,%,with disabilities ,,,rural,59.0
2020,%,with disabilities ,15-29,,,52.3
2020,%,with disabilities ,,male,,52.7
2020,%,with disabilities ,,female,,51.6
2020,%,with disabilities ,,,urban,56.4
2020,%,with disabilities ,,,rural,44.6
2021,%,with disabilities ,15-29,,,63.0
2021,%,with disabilities ,,male,,65.3
2021,%,with disabilities ,,female,,53.9
2021,%,with disabilities ,,,urban,67.4
2021,%,with disabilities ,,,rural,54.0
