Year,Units,Sex,Location,Age,Value
2015,%,,,,6.68
2016,%,,,,6.87
2017,%,,,,6.51
2018,%,,,,6.36
2019,%,,,,6.49
2020,%,,,,6.47
2015,%,male,,,7.25
2016,%,male,,,7.42
2017,%,male,,,7.14
2018,%,male,,,7.01
2019,%,male,,,7.15
2020,%,male,,,7.13
2015,%,female,,,6.16
2016,%,female,,,6.37
2017,%,female,,,5.94
2018,%,female,,,5.77
2019,%,female,,,5.89
2020,%,female,,,5.88
2015,%,,urban,,7.15
2016,%,,urban,,7.29
2017,%,,urban,,6.92
2018,%,,urban,,6.74
2019,%,,urban,,6.83
2020,%,,urban,,6.77
2015,%,male,urban,,7.68
2016,%,male,urban,,7.8
2017,%,male,urban,,7.5
2018,%,male,urban,,7.33
2019,%,male,urban,,7.42
2020,%,male,urban,,7.36
2015,%,female,urban,,6.69
2016,%,female,urban,,6.84
2017,%,female,urban,,6.42
2018,%,female,urban,,6.23
2019,%,female,urban,,6.31
2020,%,female,urban,,6.27
2015,%,,rural,,5.85
2016,%,,rural,,6.13
2017,%,,rural,,5.77
2018,%,,rural,,5.67
2019,%,,rural,,5.89
2020,%,,rural,,5.94
2015,%,male,rural,,6.54
2016,%,male,rural,,6.78
2017,%,male,rural,,6.55
2018,%,male,rural,,6.47
2019,%,male,rural,,6.7
2020,%,male,rural,,6.76
2015,%,female,rural,,5.17
2016,%,female,rural,,5.5
2017,%,female,rural,,5.03
2018,%,female,rural,,4.9
2019,%,female,rural,,5.11
2020,%,female,rural,,5.16
2015,%,,,aged 0-17 years,1.13
2016,%,,,aged 0-17 years,1.18
2017,%,,,aged 0-17 years,1.18
2018,%,,,aged 0-17 years,1.17
2019,%,,,aged 0-17 years,1.23
2020,%,,,aged 0-17 years,1.24
2015,%,male,,aged 0-17 years,1.46
2016,%,male,,aged 0-17 years,1.5
2017,%,male,,aged 0-17 years,1.52
2018,%,male,,aged 0-17 years,1.51
2019,%,male,,aged 0-17 years,1.58
2020,%,male,,aged 0-17 years,1.6
2015,%,female,,aged 0-17 years,0.75
2016,%,female,,aged 0-17 years,0.8
2017,%,female,,aged 0-17 years,0.79
2018,%,female,,aged 0-17 years,0.78
2019,%,female,,aged 0-17 years,0.82
2020,%,female,,aged 0-17 years,0.83
2015,%,,,aged 18-39 years,2.48
2016,%,,,aged 18-39 years,2.52
2017,%,,,aged 18-39 years,2.4
2018,%,,,aged 18-39 years,2.31
2019,%,,,aged 18-39 years,2.36
2020,%,,,aged 18-39 years,2.36
2015,%,male,,aged 18-39 years,3.47
2016,%,male,,aged 18-39 years,3.52
2017,%,male,,aged 18-39 years,3.39
2018,%,male,,aged 18-39 years,3.26
2019,%,male,,aged 18-39 years,3.3
2020,%,male,,aged 18-39 years,3.3
2015,%,female,,aged 18-39 years,1.55
2016,%,female,,aged 18-39 years,1.57
2017,%,female,,aged 18-39 years,1.48
2018,%,female,,aged 18-39 years,1.41
2019,%,female,,aged 18-39 years,1.47
2020,%,female,,aged 18-39 years,1.48
2015,%,,,aged 40-62 years,11.61
2016,%,,,aged 40-62 years,11.76
2017,%,,,aged 40-62 years,10.39
2018,%,,,aged 40-62 years,9.66
2019,%,,,aged 40-62 years,9.6
2020,%,,,aged 40-62 years,9.25
2015,%,male,,aged 40-62 years,12.58
2016,%,male,,aged 40-62 years,12.85
2017,%,male,,aged 40-62 years,11.85
2018,%,male,,aged 40-62 years,11.29
2019,%,male,,aged 40-62 years,11.36
2020,%,male,,aged 40-62 years,11.06
2015,%,female,,aged 40-62 years,10.81
2016,%,female,,aged 40-62 years,10.85
2017,%,female,,aged 40-62 years,9.19
2018,%,female,,aged 40-62 years,8.34
2019,%,female,,aged 40-62 years,8.19
2020,%,female,,aged 40-62 years,7.78
2015,%,,,aged 63 and older,16.87
2016,%,,,aged 63 and older,17.59
2017,%,,,aged 63 and older,17.74
2018,%,,,aged 63 and older,17.92
2019,%,,,aged 63 and older,18.2
2020,%,,,aged 63 and older,18.36
2015,%,male,,aged 63 and older,19.81
2016,%,male,,aged 63 and older,20.19
2017,%,male,,aged 63 and older,20.18
2018,%,male,,aged 63 and older,20.25
2019,%,male,,aged 63 and older,20.44
2020,%,male,,aged 63 and older,20.48
2015,%,female,,aged 63 and older,14.9
2016,%,female,,aged 63 and older,15.85
2017,%,female,,aged 63 and older,16.12
2018,%,female,,aged 63 and older,16.37
2019,%,female,,aged 63 and older,16.71
2020,%,female,,aged 63 and older,16.95
2021,%,,,,6.61
2021,%,male,,,7.33
2021,%,female,,,5.96
2021,%,,urban,,6.88
2021,%,male,urban,,7.53
2021,%,female,urban,,6.31
2021,%,,rural,,6.13
2021,%,male,rural,,7.0
2021,%,female,rural,,5.29
2021,%,,,aged 0-17 years,1.3
2021,%,male,,aged 0-17 years,1.67
2021,%,female,,aged 0-17 years,0.87
2021,%,,,aged 18-39 years,2.54
2021,%,male,,aged 18-39 years,3.61
2021,%,female,,aged 18-39 years,1.53
2021,%,,,aged 40-62 years,9.1
2021,%,male,,aged 40-62 years,11.03
2021,%,female,,aged 40-62 years,7.54
2021,%,,,aged 63 and older,18.58
2021,%,male,,aged 63 and older,20.69
2021,%,female,,aged 63 and older,17.19
