Year,Units,Education type,Sex,Value
2015,%,secondary,,86.4
2016,%,secondary,,86.0
2017,%,secondary,,85.7
2018,%,secondary,,83.0
2019,%,secondary,,83.2
2020,%,secondary,,83.2
2015,%,secondary,male,84.6
2016,%,secondary,male,84.7
2017,%,secondary,male,84.6
2018,%,secondary,male,81.4
2019,%,secondary,male,81.7
2020,%,secondary,male,81.8
2015,%,secondary,female,88.3
2016,%,secondary,female,87.5
2017,%,secondary,female,87.0
2018,%,secondary,female,84.7
2019,%,secondary,female,85.0
2020,%,secondary,female,84.9
2015,%,primary,,91.6
2016,%,primary,,91.2
2017,%,primary,,91.3
2018,%,primary,,91.1
2019,%,primary,,92.9
2020,%,primary,,93.2
2015,%,primary,male,91.6
2016,%,primary,male,91.3
2017,%,primary,male,91.5
2018,%,primary,male,90.9
2019,%,primary,male,92.3
2020,%,primary,male,93.0
2015,%,primary,female,91.6
2016,%,primary,female,91.2
2017,%,primary,female,91.1
2018,%,primary,female,91.4
2019,%,primary,female,93.6
2020,%,primary,female,93.5
2015,%,lower secondary,,96.3
2016,%,lower secondary,,90.7
2017,%,lower secondary,,90.1
2018,%,lower secondary,,89.4
2019,%,lower secondary,,90.0
2020,%,lower secondary,,90.6
2015,%,lower secondary,male,95.9
2016,%,lower secondary,male,90.3
2017,%,lower secondary,male,89.8
2018,%,lower secondary,male,88.8
2019,%,lower secondary,male,89.4
2020,%,lower secondary,male,90.2
2015,%,lower secondary,female,96.7
2016,%,lower secondary,female,91.0
2017,%,lower secondary,female,90.4
2018,%,lower secondary,female,90.1
2019,%,lower secondary,female,90.6
2020,%,lower secondary,female,91.1
2015,%,high,,57.9
2016,%,high,,65.1
2017,%,high,,65.5
2018,%,high,,59.9
2019,%,high,,59.5
2020,%,high,,57.9
2015,%,high,male,53.1
2016,%,high,male,59.4
2017,%,high,male,60.5
2018,%,high,male,54.8
2019,%,high,male,54.5
2020,%,high,male,53.0
2015,%,high,female,63.5
2016,%,high,female,71.7
2017,%,high,female,71.1
2018,%,high,female,65.7
2019,%,high,female,65.1
2020,%,high,female,63.5
2015,%,pre-specialized (vocational) education,,7.2
2016,%,pre-specialized (vocational) education,,8.1
2017,%,pre-specialized (vocational) education,,8.6
2018,%,pre-specialized (vocational) education,,6.7
2019,%,pre-specialized (vocational) education,,6.3
2020,%,pre-specialized (vocational) education,,6.2
2015,%,pre-specialized (vocational) education,male,9.8
2016,%,pre-specialized (vocational) education,male,10.9
2017,%,pre-specialized (vocational) education,male,11.4
2018,%,pre-specialized (vocational) education,male,9.2
2019,%,pre-specialized (vocational) education,male,8.9
2020,%,pre-specialized (vocational) education,male,8.9
2015,%,pre-specialized (vocational) education,female,4.2
2016,%,pre-specialized (vocational) education,female,4.9
2017,%,pre-specialized (vocational) education,female,5.4
2018,%,pre-specialized (vocational) education,female,3.9
2019,%,pre-specialized (vocational) education,female,3.3
2020,%,pre-specialized (vocational) education,female,3.1
2015,%,specialized secondary education,,10.9
2016,%,specialized secondary education,,11.1
2017,%,specialized secondary education,,11.5
2018,%,specialized secondary education,,11.7
2019,%,specialized secondary education,,12.5
2020,%,specialized secondary education,,13.9
2015,%,specialized secondary education,male,9.5
2016,%,specialized secondary education,male,9.8
2017,%,specialized secondary education,male,10.0
2018,%,specialized secondary education,male,10.4
2019,%,specialized secondary education,male,11.2
2020,%,specialized secondary education,male,12.8
2015,%,specialized secondary education,female,12.5
2016,%,specialized secondary education,female,12.5
2017,%,specialized secondary education,female,13.1
2018,%,specialized secondary education,female,13.1
2019,%,specialized secondary education,female,13.9
2020,%,specialized secondary education,female,15.1
2015,%,"specialized high education, first stage (bachelor's Degree)",,52.9
2016,%,"specialized high education, first stage (bachelor's Degree)",,54.1
2017,%,"specialized high education, first stage (bachelor's Degree)",,56.4
2018,%,"specialized high education, first stage (bachelor's Degree)",,52.2
2019,%,"specialized high education, first stage (bachelor's Degree)",,50.4
2020,%,"specialized high education, first stage (bachelor's Degree)",,54.4
2015,%,"specialized high education, first stage (bachelor's Degree)",male,47.0
2016,%,"specialized high education, first stage (bachelor's Degree)",male,48.6
2017,%,"specialized high education, first stage (bachelor's Degree)",male,51.5
2018,%,"specialized high education, first stage (bachelor's Degree)",male,48.2
2019,%,"specialized high education, first stage (bachelor's Degree)",male,44.8
2020,%,"specialized high education, first stage (bachelor's Degree)",male,48.3
2015,%,"specialized high education, first stage (bachelor's Degree)",female,59.1
2016,%,"specialized high education, first stage (bachelor's Degree)",female,60.0
2017,%,"specialized high education, first stage (bachelor's Degree)",female,61.8
2018,%,"specialized high education, first stage (bachelor's Degree)",female,56.6
2019,%,"specialized high education, first stage (bachelor's Degree)",female,56.6
2020,%,"specialized high education, first stage (bachelor's Degree)",female,61.1
2015,%,"post-graduate education, second stage (master's Degree)",,12.7
2016,%,"post-graduate education, second stage (master's Degree)",,13.1
2017,%,"post-graduate education, second stage (master's Degree)",,14.8
2018,%,"post-graduate education, second stage (master's Degree)",,14.1
2019,%,"post-graduate education, second stage (master's Degree)",,14.6
2020,%,"post-graduate education, second stage (master's Degree)",,15.7
2015,%,"post-graduate education, second stage (master's Degree)",male,9.9
2016,%,"post-graduate education, second stage (master's Degree)",male,10.7
2017,%,"post-graduate education, second stage (master's Degree)",male,9.9
2018,%,"post-graduate education, second stage (master's Degree)",male,8.9
2019,%,"post-graduate education, second stage (master's Degree)",male,9.1
2020,%,"post-graduate education, second stage (master's Degree)",male,9.5
2015,%,"post-graduate education, second stage (master's Degree)",female,15.5
2016,%,"post-graduate education, second stage (master's Degree)",female,15.4
2017,%,"post-graduate education, second stage (master's Degree)",female,19.6
2018,%,"post-graduate education, second stage (master's Degree)",female,19.4
2019,%,"post-graduate education, second stage (master's Degree)",female,20.3
2020,%,"post-graduate education, second stage (master's Degree)",female,22.4
2021,%,secondary,,83.1
2021,%,secondary,male,81.5
2021,%,secondary,female,85.0
2021,%,primary,,93.0
2021,%,primary,male,92.6
2021,%,primary,female,93.5
2021,%,lower secondary,,91.2
2021,%,lower secondary,male,90.7
2021,%,lower secondary,female,91.8
2021,%,high,,55.9
2021,%,high,male,50.8
2021,%,high,female,61.7
2021,%,pre-specialized (vocational) education,,6.1
2021,%,pre-specialized (vocational) education,male,8.6
2021,%,pre-specialized (vocational) education,female,3.2
2021,%,specialized secondary education,,14.9
2021,%,specialized secondary education,male,13.8
2021,%,specialized secondary education,female,16.2
2021,%,"specialized high education, first stage (bachelor's Degree)",,52.8
2021,%,"specialized high education, first stage (bachelor's Degree)",male,45.3
2021,%,"specialized high education, first stage (bachelor's Degree)",female,61.1
2021,%,"post-graduate education, second stage (master's Degree)",,15.3
2021,%,"post-graduate education, second stage (master's Degree)",male,9.7
2021,%,"post-graduate education, second stage (master's Degree)",female,21.4
2022,%,secondary,,82.8
2022,%,secondary,male,81.3
2022,%,secondary,female,84.5
2022,%,primary,,93.9
2022,%,primary,male,93.6
2022,%,primary,female,94.2
2022,%,lower secondary,,91.5
2022,%,lower secondary,male,91.1
2022,%,lower secondary,female,91.9
2022,%,high,,54.0
2022,%,high,male,49.0
2022,%,high,female,59.8
2022,%,pre-specialized (vocational) education,,5.6
2022,%,pre-specialized (vocational) education,male,8.1
2022,%,pre-specialized (vocational) education,female,2.8
2022,%,specialized secondary education,,15.3
2022,%,specialized secondary education,male,14.1
2022,%,specialized secondary education,female,16.7
2022,%,"specialized high education, first stage (bachelor's Degree)",,53.4
2022,%,"specialized high education, first stage (bachelor's Degree)",male,43.9
2022,%,"specialized high education, first stage (bachelor's Degree)",female,64.1
2022,%,"post-graduate education, second stage (master's Degree)",,12.3
2022,%,"post-graduate education, second stage (master's Degree)",male,8.5
2022,%,"post-graduate education, second stage (master's Degree)",female,16.6
2023,%,secondary,,92.7
2023,%,secondary,male,91.2
2023,%,secondary,female,94.5
2023,%,primary,,102.7
2023,%,primary,male,101.9
2023,%,primary,female,103.6
2023,%,lower secondary,,101.6
2023,%,lower secondary,male,101.0
2023,%,lower secondary,female,102.4
2023,%,high,,62.6
2023,%,high,male,57.9
2023,%,high,female,67.7
2023,%,pre-specialized (vocational) education,,5.6
2023,%,pre-specialized (vocational) education,male,8.1
2023,%,pre-specialized (vocational) education,female,2.8
2023,%,specialized secondary education,,16.8
2023,%,specialized secondary education,male,15.7
2023,%,specialized secondary education,female,18.0
2023,%,"specialized high education, first stage (bachelor's Degree)",,55.3
2023,%,"specialized high education, first stage (bachelor's Degree)",male,47.0
2023,%,"specialized high education, first stage (bachelor's Degree)",female,63.7
2023,%,"post-graduate education, second stage (master's Degree)",,12.5
2023,%,"post-graduate education, second stage (master's Degree)",male,8.2
2023,%,"post-graduate education, second stage (master's Degree)",female,16.9
