Year,Units,Սեռ,Տարիք,Կատեգորիա,Value
2015,%,,,,1.05
2016,%,,,,1.09
2017,%,,,,1.12
2018,%,,,,1.14
2019,%,,,,1.15
2020,%,,,,1.11
2015,%,տղամարդ,,,1.33
2016,%,տղամարդ,,,1.39
2017,%,տղամարդ,,,1.42
2018,%,տղամարդ,,,1.46
2019,%,տղամարդ,,,1.48
2020,%,տղամարդ,,,1.4
2015,%,կին,,,0.74
2016,%,կին,,,0.76
2017,%,կին,,,0.77
2018,%,կին,,,0.78
2019,%,կին,,,0.77
2020,%,կին,,,0.78
2015,%,,0-4 տարեկան,,0.46
2016,%,,0-4 տարեկան,,0.52
2017,%,,0-4 տարեկան,,0.5
2018,%,,0-4 տարեկան,,0.52
2019,%,,0-4 տարեկան,,0.56
2020,%,,0-4 տարեկան,,0.58
2015,%,,0-4 տարեկան,,0.55
2016,%,տղամարդ,0-4 տարեկան,,0.64
2017,%,տղամարդ,0-4 տարեկան,,0.61
2018,%,տղամարդ,0-4 տարեկան,,0.64
2019,%,տղամարդ,0-4 տարեկան,,0.7
2020,%,տղամարդ,0-4 տարեկան,,0.69
2015,%,կին,0-4 տարեկան,,0.36
2016,%,կին,0-4 տարեկան,,0.38
2017,%,կին,0-4 տարեկան,,0.39
2018,%,կին,0-4 տարեկան,,0.38
2019,%,կին,0-4 տարեկան,,0.41
2020,%,կին,0-4 տարեկան,,0.45
2015,%,,5-9 տարեկան,,1.04
2016,%,,5-9 տարեկան,,1.1
2017,%,,5-9 տարեկան,,1.14
2018,%,,5-9 տարեկան,,1.12
2019,%,,5-9 տարեկան,,1.15
2020,%,,5-9 տարեկան,,1.13
2015,%,տղամարդ,5-9 տարեկան,,1.34
2016,%,տղամարդ,5-9 տարեկան,,1.39
2017,%,տղամարդ,5-9 տարեկան,,1.42
2018,%,տղամարդ,5-9 տարեկան,,1.43
2019,%,տղամարդ,5-9 տարեկան,,1.48
2020,%,տղամարդ,5-9 տարեկան,,1.4
2015,%,կին,5-9 տարեկան,,0.71
2016,%,կին,5-9 տարեկան,,0.76
2017,%,կին,5-9 տարեկան,,0.82
2018,%,կին,5-9 տարեկան,,0.76
2019,%,կին,5-9 տարեկան,,0.78
2020,%,կին,5-9 տարեկան,,0.82
2015,%,,10-14 տարեկան,,1.47
2016,%,,10-14 տարեկան,,1.48
2017,%,,10-14 տարեկան,,1.48
2018,%,,10-14 տարեկան,,1.5
2019,%,,10-14 տարեկան,,1.39
2020,%,,10-14 տարեկան,,1.32
2015,%,տղամարդ,10-14 տարեկան,,1.86
2016,%,տղամարդ,10-14 տարեկան,,1.92
2017,%,տղամարդ,10-14 տարեկան,,1.94
2018,%,տղամարդ,10-14 տարեկան,,1.92
2019,%,տղամարդ,10-14 տարեկան,,1.81
2020,%,տղամարդ,10-14 տարեկան,,1.68
2015,%,կին,10-14 տարեկան,,1.02
2016,%,կին,10-14 տարեկան,,0.97
2017,%,կին,10-14 տարեկան,,0.95
2018,%,կին,10-14 տարեկան,,1.01
2019,%,կին,10-14 տարեկան,,0.92
2020,%,կին,10-14 տարեկան,,0.92
2015,%,,15 տարեկան,,1.78
2016,%,,15 տարեկան,,1.98
2017,%,,15 տարեկան,,2.02
2018,%,,15 տարեկան,,1.96
2019,%,,15 տարեկան,,2.04
2020,%,,15 տարեկան,,1.94
2015,%,տղամարդ,15 տարեկան,,2.17
2016,%,տղամարդ,15 տարեկան,,2.4
2017,%,տղամարդ,15 տարեկան,,2.59
2018,%,տղամարդ,15 տարեկան,,2.54
2019,%,տղամարդ,15 տարեկան,,2.58
2020,%,տղամարդ,15 տարեկան,,2.51
2015,%,կին,15 տարեկան,,1.33
2016,%,կին,15 տարեկան,,1.49
2017,%,կին,15 տարեկան,,1.37
2018,%,կին,15 տարեկան,,1.29
2019,%,կին,15 տարեկան,,1.39
2020,%,կին,15 տարեկան,,1.29
2015,%,,16-17 տարեկան,,1.45
2016,%,,16-17 տարեկան,,1.42
2017,%,,16-17 տարեկան,,1.53
2018,%,,16-17 տարեկան,,1.64
2019,%,,16-17 տարեկան,,1.6
2020,%,,16-17 տարեկան,,1.42
2015,%,տղամարդ,16-17 տարեկան,,1.9
2016,%,տղամարդ,16-17 տարեկան,,1.79
2017,%,տղամարդ,16-17 տարեկան,,1.95
2018,%,տղամարդ,16-17 տարեկան,,2.12
2019,%,տղամարդ,16-17 տարեկան,,2.13
2020,%,տղամարդ,16-17 տարեկան,,1.87
2015,%,կին,16-17 տարեկան,,0.95
2016,%,կին,16-17 տարեկան,,1.01
2017,%,կին,16-17 տարեկան,,1.07
2018,%,կին,16-17 տարեկան,,1.1
2019,%,կին,16-17 տարեկան,,1.0
2020,%,կին,16-17 տարեկան,,0.91
2015,%,,,ընդամենը՝ հաշմանդամություն ունեցող երեխաների (0-17 տարեկան) ընդհանուր թվաքանակից,93.46
2016,%,,,ընդամենը՝ հաշմանդամություն ունեցող երեխաների (0-17 տարեկան) ընդհանուր թվաքանակից,92.91
2017,%,,,ընդամենը՝ հաշմանդամություն ունեցող երեխաների (0-17 տարեկան) ընդհանուր թվաքանակից,94.84
2018,%,,,ընդամենը՝ հաշմանդամություն ունեցող երեխաների (0-17 տարեկան) ընդհանուր թվաքանակից,97.66
2019,%,,,ընդամենը՝ հաշմանդամություն ունեցող երեխաների (0-17 տարեկան) ընդհանուր թվաքանակից,93.71
2020,%,,,ընդամենը՝ հաշմանդամություն ունեցող երեխաների (0-17 տարեկան) ընդհանուր թվաքանակից,89.6
2015,%,տղամարդ,,ընդամենը՝ հաշմանդամություն ունեցող երեխաների (0-17 տարեկան) ընդհանուր թվաքանակից,91.33
2016,%,տղամարդ,,ընդամենը՝ հաշմանդամություն ունեցող երեխաների (0-17 տարեկան) ընդհանուր թվաքանակից,92.18
2017,%,տղամարդ,,ընդամենը՝ հաշմանդամություն ունեցող երեխաների (0-17 տարեկան) ընդհանուր թվաքանակից,93.78
2018,%,տղամարդ,,ընդամենը՝ հաշմանդամություն ունեցող երեխաների (0-17 տարեկան) ընդհանուր թվաքանակից,96.89
2019,%,տղամարդ,,ընդամենը՝ հաշմանդամություն ունեցող երեխաների (0-17 տարեկան) ընդհանուր թվաքանակից,93.59
2020,%,տղամարդ,,ընդամենը՝ հաշմանդամություն ունեցող երեխաների (0-17 տարեկան) ընդհանուր թվաքանակից,87.5
2015,%,կին,,ընդամենը՝ հաշմանդամություն ունեցող երեխաների (0-17 տարեկան) ընդհանուր թվաքանակից,98.19
2016,%,կին,,ընդամենը՝ հաշմանդամություն ունեցող երեխաների (0-17 տարեկան) ընդհանուր թվաքանակից,94.46
2017,%,կին,,ընդամենը՝ հաշմանդամություն ունեցող երեխաների (0-17 տարեկան) ընդհանուր թվաքանակից,97.15
2018,%,կին,,ընդամենը՝ հաշմանդամություն ունեցող երեխաների (0-17 տարեկան) ընդհանուր թվաքանակից,99.34
2019,%,կին,,ընդամենը՝ հաշմանդամություն ունեցող երեխաների (0-17 տարեկան) ընդհանուր թվաքանակից,93.98
2020,%,կին,,ընդամենը՝ հաշմանդամություն ունեցող երեխաների (0-17 տարեկան) ընդհանուր թվաքանակից,94.2
2015,%,,0-4 տարեկան,,12.46
2016,%,,0-4 տարեկան,,13.13
2017,%,,0-4 տարեկան,,12.55
2018,%,,0-4 տարեկան,,12.51
2019,%,,0-4 տարեկան,,12.49
2020,%,,0-4 տարեկան,,12.3
2015,%,տղամարդ,0-4 տարեկան,,11.44
2016,%,տղամարդ,0-4 տարեկան,,12.62
2017,%,տղամարդ,0-4 տարեկան,,11.7
2018,%,տղամարդ,0-4 տարեկան,,11.82
2019,%,տղամարդ,0-4 տարեկան,,11.92
2020,%,տղամարդ,0-4 տարեկան,,11.27
2015,%,կին,0-4 տարեկան,,14.72
2016,%,կին,0-4 տարեկան,,14.24
2017,%,կին,0-4 տարեկան,,14.38
2018,%,կին,0-4 տարեկան,,14.01
2019,%,կին,0-4 տարեկան,,13.73
2020,%,կին,0-4 տարեկան,,14.54
2015,%,,5-9 տարեկան,,27.06
2016,%,,5-9 տարեկան,,27.63
2017,%,,5-9 տարեկան,,28.81
2018,%,,5-9 տարեկան,,28.77
2019,%,,5-9 տարեկան,,28.03
2020,%,,5-9 տարեկան,,26.75
2015,%,տղամարդ,5-9 տարեկան,,26.77
2016,%,տղամարդ,5-9 տարեկան,,27.39
2017,%,տղամարդ,5-9 տարեկան,,27.91
2018,%,տղամարդ,5-9 տարեկան,,28.59
2019,%,տղամարդ,5-9 տարեկան,,27.87
2020,%,տղամարդ,5-9 տարեկան,,25.72
2015,%,կին,5-9 տարեկան,,27.7
2016,%,կին,5-9 տարեկան,,28.14
2017,%,կին,5-9 տարեկան,,30.76
2018,%,կին,5-9 տարեկան,,29.16
2019,%,կին,5-9 տարեկան,,28.39
2020,%,կին,5-9 տարեկան,,28.98
2015,%,,10-14 տարեկան,,32.87
2016,%,,10-14 տարեկան,,32.14
2017,%,,10-14 տարեկան,,32.94
2018,%,,10-14 տարեկան,,34.93
2019,%,,10-14 տարեկան,,32.12
2020,%,,10-14 տարեկան,,30.76
2015,%,տղամարդ,10-14 տարեկան,,32.39
2016,%,տղամարդ,10-14 տարեկան,,32.77
2017,%,տղամարդ,10-14 տարեկան,,33.8
2018,%,տղամարդ,10-14 տարեկան,,34.94
2019,%,տղամարդ,10-14 տարեկան,,32.35
2020,%,տղամարդ,10-14 տարեկան,,30.33
2015,%,կին,10-14 տարեկան,,33.92
2016,%,կին,10-14 տարեկան,,30.79
2017,%,կին,10-14 տարեկան,,31.07
2018,%,կին,10-14 տարեկան,,34.92
2019,%,կին,10-14 տարեկան,,31.64
2020,%,կին,10-14 տարեկան,,31.7
2015,%,,15 տարեկան,,7.86
2016,%,,15 տարեկան,,8.21
2017,%,,15 տարեկան,,8.14
2018,%,,15 տարեկան,,8.51
2019,%,,15 տարեկան,,8.51
2020,%,,15 տարեկան,,8.21
2015,%,տղամարդ,15 տարեկան,,7.46
2016,%,տղամարդ,15 տարեկան,,7.83
2017,%,տղամարդ,15 տարեկան,,8.12
2018,%,տղամարդ,15 տարեկան,,8.61
2019,%,տղամարդ,15 տարեկան,,8.51
2020,%,տղամարդ,15 տարեկան,,8.26
2015,%,կին,15 տարեկան,,8.74
2016,%,կին,15 տարեկան,,9.01
2017,%,կին,15 տարեկան,,8.17
2018,%,կին,15 տարեկան,,8.29
2019,%,կին,15 տարեկան,,8.53
2020,%,կին,15 տարեկան,,8.09
2015,%,,16-17 տարեկան,,13.22
2016,%,,16-17 տարեկան,,11.8
2017,%,,16-17 տարեկան,,12.4
2018,%,,16-17 տարեկան,,12.94
2019,%,,16-17 տարեկան,,12.56
2020,%,,16-17 տարեկան,,11.58
2015,%,տղամարդ,16-17 տարեկան,,13.27
2016,%,տղամարդ,16-17 տարեկան,,11.58
2017,%,տղամարդ,16-17 տարեկան,,12.24
2018,%,տղամարդ,16-17 տարեկան,,12.93
2019,%,տղամարդ,16-17 տարեկան,,12.95
2020,%,տղամարդ,16-17 տարեկան,,11.91
2015,%,կին,16-17 տարեկան,,13.11
2016,%,կին,16-17 տարեկան,,12.28
2017,%,կին,16-17 տարեկան,,12.76
2018,%,կին,16-17 տարեկան,,12.96
2019,%,կին,16-17 տարեկան,,11.7
2020,%,կին,16-17 տարեկան,,10.88
