Year,Units,Սեռ,Տեսակ,Տարիք,Value
2015,%,,,,15.53
2016,%,,,,15.69
2017,%,,,,15.41
2018,%,,,,15.62
2019,%,,,,15.76
2020,%,,,,15.76
2015,%,արական,,,12.73
2016,%,արական,,,12.93
2017,%,արական,,,12.74
2018,%,արական,,,12.97
2019,%,արական,,,13.14
2020,%,արական,,,13.15
2015,%,իգական,,,18.09
2016,%,իգական,,,18.19
2017,%,իգական,,,17.82
2018,%,իգական,,,17.99
2019,%,իգական,,,18.11
2020,%,իգական,,,18.09
2015,%,,տարիքային,,10.19
2016,%,,տարիքային,,10.33
2017,%,,տարիքային,,10.52
2018,%,,տարիքային,,10.88
2019,%,,տարիքային,,11.15
2020,%,,տարիքային,,11.29
2015,%,արական,տարիքային,,7.93
2016,%,արական,տարիքային,,8.09
2017,%,արական,տարիքային,,8.3
2018,%,արական,տարիքային,,8.65
2019,%,արական,տարիքային,,8.93
2020,%,արական,տարիքային,,9.08
2015,%,իգական,տարիքային,,12.25
2016,%,իգական,տարիքային,,12.36
2017,%,իգական,տարիքային,,12.53
2018,%,իգական,տարիքային,,12.88
2019,%,իգական,տարիքային,,13.14
2020,%,իգական,տարիքային,,13.27
2015,%,,արտոնյալ պայմաններով,,0.09
2016,%,,արտոնյալ պայմաններով,,0.08
2017,%,,արտոնյալ պայմաններով,,0.08
2018,%,,արտոնյալ պայմաններով,,0.07
2019,%,,արտոնյալ պայմաններով,,0.06
2020,%,,արտոնյալ պայմաններով,,0.05
2015,%,արական,արտոնյալ պայմաններով,,0.14
2016,%,արական,արտոնյալ պայմաններով,,0.13
2017,%,արական,արտոնյալ պայմաններով,,0.12
2018,%,արական,արտոնյալ պայմաններով,,0.11
2019,%,արական,արտոնյալ պայմաններով,,0.09
2020,%,արական,արտոնյալ պայմաններով,,0.08
2015,%,իգական,արտոնյալ պայմաններով,,0.05
2016,%,իգական,արտոնյալ պայմաններով,,0.05
2017,%,իգական,արտոնյալ պայմաններով,,0.04
2018,%,իգական,արտոնյալ պայմաններով,,0.03
2019,%,իգական,արտոնյալ պայմաններով,,0.03
2020,%,իգական,արտոնյալ պայմաններով,,0.03
2015,%,,երկարամյա ծառայության,,0.04
2016,%,,երկարամյա ծառայության,,0.02
2017,%,,երկարամյա ծառայության,,0.02
2018,%,,երկարամյա ծառայության,,0.02
2019,%,,երկարամյա ծառայության,,0.02
2020,%,,երկարամյա ծառայության,,0.01
2015,%,արական,երկարամյա ծառայության,,0.04
2016,%,արական,երկարամյա ծառայության,,0.03
2017,%,արական,երկարամյա ծառայության,,0.03
2018,%,արական,երկարամյա ծառայության,,0.02
2019,%,արական,երկարամյա ծառայության,,0.02
2020,%,արական,երկարամյա ծառայության,,0.02
2015,%,իգական,երկարամյա ծառայության,,0.04
2016,%,իգական,երկարամյա ծառայության,,0.02
2017,%,իգական,երկարամյա ծառայության,,0.01
2018,%,իգական,երկարամյա ծառայության,,0.01
2019,%,իգական,երկարամյա ծառայության,,0.01
2020,%,իգական,երկարամյա ծառայության,,0.01
2015,%,,մասնակի,,0.5
2016,%,,մասնակի,,0.49
2017,%,,մասնակի,,0.47
2018,%,,մասնակի,,0.44
2019,%,,մասնակի,,0.41
2020,%,,մասնակի,,0.37
2015,%,արական,մասնակի,,0.11
2016,%,արական,մասնակի,,0.11
2017,%,արական,մասնակի,,0.1
2018,%,արական,մասնակի,,0.09
2019,%,արական,մասնակի,,0.09
2020,%,արական,մասնակի,,0.07
2015,%,իգական,մասնակի,,0.85
2016,%,իգական,մասնակի,,0.83
2017,%,իգական,մասնակի,,0.8
2018,%,իգական,մասնակի,,0.76
2019,%,իգական,մասնակի,,0.7
2020,%,իգական,մասնակի,,0.64
2015,%,,հաշմանդամության,,4.28
2016,%,,հաշմանդամության,,4.35
2017,%,,հաշմանդամության,,3.93
2018,%,,հաշմանդամության,,3.84
2019,%,,հաշմանդամության,,3.78
2020,%,,հաշմանդամության,,3.7
2015,%,արական,հաշմանդամության,,4.13
2016,%,արական,հաշմանդամության,,4.19
2017,%,արական,հաշմանդամության,,3.82
2018,%,արական,հաշմանդամության,,3.74
2019,%,արական,հաշմանդամության,,3.68
2020,%,արական,հաշմանդամության,,3.59
2015,%,իգական,հաշմանդամության,,4.41
2016,%,իգական,հաշմանդամության,,4.48
2017,%,իգական,հաշմանդամության,,4.02
2018,%,իգական,հաշմանդամության,,3.92
2019,%,իգական,հաշմանդամության,,3.88
2020,%,իգական,հաշմանդամության,,3.81
2015,%,,կերակրողին կորցնելու դեպքում,,0.36
2016,%,,կերակրողին կորցնելու դեպքում,,0.34
2017,%,,կերակրողին կորցնելու դեպքում,,0.31
2018,%,,կերակրողին կորցնելու դեպքում,,0.29
2019,%,,կերակրողին կորցնելու դեպքում,,0.26
2020,%,,կերակրողին կորցնելու դեպքում,,0.25
2015,%,արական,կերակրողին կորցնելու դեպքում,,0.21
2016,%,արական,կերակրողին կորցնելու դեպքում,,0.21
2017,%,արական,կերակրողին կորցնելու դեպքում,,0.19
2018,%,արական,կերակրողին կորցնելու դեպքում,,0.18
2019,%,արական,կերակրողին կորցնելու դեպքում,,0.16
2020,%,արական,կերակրողին կորցնելու դեպքում,,0.15
2015,%,իգական,կերակրողին կորցնելու դեպքում,,0.49
2016,%,իգական,կերակրողին կորցնելու դեպքում,,0.45
2017,%,իգական,կերակրողին կորցնելու դեպքում,,0.42
2018,%,իգական,կերակրողին կորցնելու դեպքում,,0.39
2019,%,իգական,կերակրողին կորցնելու դեպքում,,0.35
2020,%,իգական,կերակրողին կորցնելու դեպքում,,0.33
2016,%,,այլ օրենքներով սահմանված,,0.01
2017,%,,այլ օրենքներով սահմանված,,0.02
2018,%,,այլ օրենքներով սահմանված,,0.02
2019,%,,այլ օրենքներով սահմանված,,0.02
2020,%,,այլ օրենքներով սահմանված,,0.02
2016,%,արական,այլ օրենքներով սահմանված,,0.01
2017,%,արական,այլ օրենքներով սահմանված,,0.04
2018,%,արական,այլ օրենքներով սահմանված,,0.04
2019,%,արական,այլ օրենքներով սահմանված,,0.04
2020,%,արական,այլ օրենքներով սահմանված,,0.05
2016,%,իգական,այլ օրենքներով սահմանված,,0.002
2017,%,իգական,այլ օրենքներով սահմանված,,0.004
2018,%,իգական,այլ օրենքներով սահմանված,,0.004
2019,%,իգական,այլ օրենքներով սահմանված,,0.004
2020,%,իգական,այլ օրենքներով սահմանված,,0.004
2015,%,,զինծառայության հետ կապված,,0.08
2016,%,,զինծառայության հետ կապված,,0.07
2017,%,,զինծառայության հետ կապված,,0.07
2018,%,,զինծառայության հետ կապված,,0.06
2019,%,,զինծառայության հետ կապված,,0.06
2020,%,,զինծառայության հետ կապված,,0.06
2015,%,արական,զինծառայության հետ կապված,,0.16
2016,%,արական,զինծառայության հետ կապված,,0.15
2017,%,արական,զինծառայության հետ կապված,,0.14
2018,%,արական,զինծառայության հետ կապված,,0.13
2019,%,արական,զինծառայության հետ կապված,,0.13
2020,%,արական,զինծառայության հետ կապված,,0.12
2015,%,իգական,զինծառայության հետ կապված,,0.002
2016,%,իգական,զինծառայության հետ կապված,,0.001
2017,%,իգական,զինծառայության հետ կապված,,0.001
2018,%,իգական,զինծառայության հետ կապված,,0.001
2019,%,իգական,զինծառայության հետ կապված,,0.001
2020,%,իգական,զինծառայության հետ կապված,,0.0004
2015,%,,,մինչև 51 տարեկան,1.02
2016,%,,,մինչև 51 տարեկան,0.95
2017,%,,,մինչև 51 տարեկան,0.79
2018,%,,,մինչև 51 տարեկան,0.7
2019,%,,,մինչև 51 տարեկան,0.62
2020,%,,,մինչև 51 տարեկան,0.58
2015,%,արական,,մինչև 51 տարեկան,0.99
2016,%,արական,,մինչև 51 տարեկան,0.94
2017,%,արական,,մինչև 51 տարեկան,0.79
2018,%,արական,,մինչև 51 տարեկան,0.72
2019,%,արական,,մինչև 51 տարեկան,0.64
2020,%,արական,,մինչև 51 տարեկան,0.6
2015,%,իգական,,մինչև 51 տարեկան,1.06
2016,%,իգական,,մինչև 51 տարեկան,0.97
2017,%,իգական,,մինչև 51 տարեկան,0.78
2018,%,իգական,,մինչև 51 տարեկան,0.69
2019,%,իգական,,մինչև 51 տարեկան,0.6
2020,%,իգական,,մինչև 51 տարեկան,0.56
2015,%,,,51-55 տարեկան,10.32
2016,%,,,51-55 տարեկան,10.01
2017,%,,,51-55 տարեկան,8.15
2018,%,,,51-55 տարեկան,7.37
2019,%,,,51-55 տարեկան,4.41
2020,%,,,51-55 տարեկան,3.96
2015,%,արական,,51-55 տարեկան,10.47
2016,%,արական,,51-55 տարեկան,10.38
2017,%,արական,,51-55 տարեկան,8.75
2018,%,արական,,51-55 տարեկան,7.93
2019,%,արական,,51-55 տարեկան,5.06
2020,%,արական,,51-55 տարեկան,4.46
2015,%,իգական,,51-55 տարեկան,10.2
2016,%,իգական,,51-55 տարեկան,9.72
2017,%,իգական,,51-55 տարեկան,7.68
2018,%,իգական,,51-55 տարեկան,6.92
2019,%,իգական,,51-55 տարեկան,3.91
2020,%,իգական,,51-55 տարեկան,3.57
2015,%,,,56-62 տարեկան,23.32
2016,%,,,56-62 տարեկան,22.58
2017,%,,,56-62 տարեկան,19.33
2018,%,,,56-62 տարեկան,18.05
2019,%,,,56-62 տարեկան,15.21
2020,%,,,56-62 տարեկան,13.91
2015,%,արական,,56-62 տարեկան,20.14
2016,%,արական,,56-62 տարեկան,19.87
2017,%,արական,,56-62 տարեկան,17.23
2018,%,արական,,56-62 տարեկան,16.42
2019,%,արական,,56-62 տարեկան,14.14
2020,%,արական,,56-62 տարեկան,13.15
2015,%,իգական,,56-62 տարեկան,25.9
2016,%,իգական,,56-62 տարեկան,24.76
2017,%,իգական,,56-62 տարեկան,21.0
2018,%,իգական,,56-62 տարեկան,19.34
2019,%,իգական,,56-62 տարեկան,16.04
2020,%,իգական,,56-62 տարեկան,14.5
2015,%,,,63 և բարձր տարիքի,92.73
2016,%,,,63 և բարձր տարիքի,92.52
2017,%,,,63 և բարձր տարիքի,91.47
2018,%,,,63 և բարձր տարիքի,91.36
2019,%,,,63 և բարձր տարիքի,92.57
2020,%,,,63 և բարձր տարիքի,91.71
2015,%,արական,,63 և բարձր տարիքի,88.1
2016,%,արական,,63 և բարձր տարիքի,88.25
2017,%,արական,,63 և բարձր տարիքի,87.48
2018,%,արական,,63 և բարձր տարիքի,87.86
2019,%,արական,,63 և բարձր տարիքի,89.58
2020,%,արական,,63 և բարձր տարիքի,89.28
2015,%,իգական,,63 և բարձր տարիքի,95.83
2016,%,իգական,,63 և բարձր տարիքի,95.38
2017,%,իգական,,63 և բարձր տարիքի,94.14
2018,%,իգական,,63 և բարձր տարիքի,93.7
2019,%,իգական,,63 և բարձր տարիքի,94.55
2020,%,իգական,,63 և բարձր տարիքի,93.32
