Year,Units,Սեռ,Տարիք,Տեսակ,Value
2015,մարդ,,,,864.0
2016,մարդ,,,,810.0
2017,մարդ,,,,824.0
2018,մարդ,,,,784.0
2019,մարդ,,,,764.0
2020,մարդ,,,,751.0
2015,մարդ,արական,,,456.0
2016,մարդ,արական,,,445.0
2017,մարդ,արական,,,445.0
2018,մարդ,արական,,,424.0
2019,մարդ,արական,,,414.0
2020,մարդ,արական,,,414.0
2015,մարդ,իգական,,,408.0
2016,մարդ,իգական,,,365.0
2017,մարդ,իգական,,,379.0
2018,մարդ,իգական,,,360.0
2019,մարդ,իգական,,,350.0
2020,մարդ,իգական,,,337.0
2015,մարդ,,մինչև 1 տարեկան,,68.0
2016,մարդ,,մինչև 1 տարեկան,,47.0
2017,մարդ,,մինչև 1 տարեկան,,59.0
2018,մարդ,,մինչև 1 տարեկան,,49.0
2019,մարդ,,մինչև 1 տարեկան,,55.0
2020,մարդ,,մինչև 1 տարեկան,,42.0
2015,մարդ,արական,մինչև 1 տարեկան,,34.0
2016,մարդ,արական,մինչև 1 տարեկան,,25.0
2017,մարդ,արական,մինչև 1 տարեկան,,27.0
2018,մարդ,արական,մինչև 1 տարեկան,,27.0
2019,մարդ,արական,մինչև 1 տարեկան,,25.0
2020,մարդ,արական,մինչև 1 տարեկան,,24.0
2015,մարդ,իգական,մինչև 1 տարեկան,,34.0
2016,մարդ,իգական,մինչև 1 տարեկան,,22.0
2017,մարդ,իգական,մինչև 1 տարեկան,,32.0
2018,մարդ,իգական,մինչև 1 տարեկան,,22.0
2019,մարդ,իգական,մինչև 1 տարեկան,,30.0
2020,մարդ,իգական,մինչև 1 տարեկան,,18.0
2015,մարդ,,1-6 տարեկան,,199.0
2016,մարդ,,1-6 տարեկան,,208.0
2017,մարդ,,1-6 տարեկան,,170.0
2018,մարդ,,1-6 տարեկան,,166.0
2019,մարդ,,1-6 տարեկան,,161.0
2020,մարդ,,1-6 տարեկան,,131.0
2015,մարդ,արական,1-6 տարեկան,,107.0
2016,մարդ,արական,1-6 տարեկան,,117.0
2017,մարդ,արական,1-6 տարեկան,,95.0
2018,մարդ,արական,1-6 տարեկան,,86.0
2019,մարդ,արական,1-6 տարեկան,,90.0
2020,մարդ,արական,1-6 տարեկան,,71.0
2015,մարդ,իգական,1-6 տարեկան,,92.0
2016,մարդ,իգական,1-6 տարեկան,,91.0
2017,մարդ,իգական,1-6 տարեկան,,75.0
2018,մարդ,իգական,1-6 տարեկան,,80.0
2019,մարդ,իգական,1-6 տարեկան,,71.0
2020,մարդ,իգական,1-6 տարեկան,,60.0
2015,մարդ,,7-9 տարեկան,,147.0
2016,մարդ,,7-9 տարեկան,,145.0
2017,մարդ,,7-9 տարեկան,,176.0
2018,մարդ,,7-9 տարեկան,,141.0
2019,մարդ,,7-9 տարեկան,,139.0
2020,մարդ,,7-9 տարեկան,,122.0
2015,մարդ,արական,7-9 տարեկան,,79.0
2016,մարդ,արական,7-9 տարեկան,,76.0
2017,մարդ,արական,7-9 տարեկան,,99.0
2018,մարդ,արական,7-9 տարեկան,,82.0
2019,մարդ,արական,7-9 տարեկան,,77.0
2020,մարդ,արական,7-9 տարեկան,,69.0
2015,մարդ,իգական,7-9 տարեկան,,68.0
2016,մարդ,իգական,7-9 տարեկան,,69.0
2017,մարդ,իգական,7-9 տարեկան,,77.0
2018,մարդ,իգական,7-9 տարեկան,,59.0
2019,մարդ,արական,7-9 տարեկան,,62.0
2020,մարդ,արական,7-9 տարեկան,,53.0
2015,մարդ,,10-15 տարեկան,,246.0
2016,մարդ,,10-15 տարեկան,,231.0
2017,մարդ,,10-15 տարեկան,,221.0
2018,մարդ,,10-15 տարեկան,,197.0
2019,մարդ,,10-15 տարեկան,,209.0
2020,մարդ,,10-15 տարեկան,,209.0
2015,մարդ,արական,10-15 տարեկան,,136.0
2016,մարդ,արական,10-15 տարեկան,,137.0
2017,մարդ,արական,10-15 տարեկան,,132.0
2018,մարդ,արական,10-15 տարեկան,,115.0
2019,մարդ,արական,10-15 տարեկան,,117.0
2020,մարդ,արական,10-15 տարեկան,,119.0
2015,մարդ,իգական,10-15 տարեկան,,110.0
2016,մարդ,իգական,10-15 տարեկան,,94.0
2017,մարդ,իգական,10-15 տարեկան,,89.0
2018,մարդ,իգական,10-15 տարեկան,,82.0
2019,մարդ,իգական,10-15 տարեկան,,92.0
2020,մարդ,իգական,10-15 տարեկան,,90.0
2015,մարդ,,16-17 տարեկան,,204.0
2016,մարդ,,16-17 տարեկան,,179.0
2017,մարդ,,16-17 տարեկան,,198.0
2018,մարդ,,16-17 տարեկան,,231.0
2019,մարդ,,16-17 տարեկան,,200.0
2020,մարդ,,16-17 տարեկան,,247.0
2015,մարդ,արական,16-17 տարեկան,,100.0
2016,մարդ,արական,16-17 տարեկան,,90.0
2017,մարդ,արական,16-17 տարեկան,,92.0
2018,մարդ,արական,16-17 տարեկան,,114.0
2019,մարդ,արական,16-17 տարեկան,,105.0
2020,մարդ,արական,16-17 տարեկան,,131.0
2015,մարդ,իգական,16-17 տարեկան,,104.0
2016,մարդ,իգական,16-17 տարեկան,,89.0
2017,մարդ,իգական,16-17 տարեկան,,106.0
2018,մարդ,իգական,16-17 տարեկան,,117.0
2019,մարդ,իգական,16-17 տարեկան,,95.0
2020,մարդ,իգական,16-17 տարեկան,,116.0
2015,%,,,ընդամենը՝ համապատասխանն տարիքի բնակչությունից,0.12
2016,%,,,ընդամենը՝ համապատասխանն տարիքի բնակչությունից,0.12
2017,%,,,ընդամենը՝ համապատասխանն տարիքի բնակչությունից,0.12
2018,%,,,ընդամենը՝ համապատասխանն տարիքի բնակչությունից,0.11
2019,%,,,ընդամենը՝ համապատասխանն տարիքի բնակչությունից,0.11
2020,%,,,ընդամենը՝ համապատասխանն տարիքի բնակչությունից,0.11
2015,%,արական,,ընդամենը՝ համապատասխանն տարիքի բնակչությունից,0.12
2016,%,արական,,ընդամենը՝ համապատասխանն տարիքի բնակչությունից,0.12
2017,%,արական,,ընդամենը՝ համապատասխանն տարիքի բնակչությունից,0.12
2018,%,արական,,ընդամենը՝ համապատասխանն տարիքի բնակչությունից,0.11
2019,%,արական,,ընդամենը՝ համապատասխանն տարիքի բնակչությունից,0.11
2020,%,արական,,ընդամենը՝ համապատասխանն տարիքի բնակչությունից,0.11
2015,%,իգական,,ընդամենը՝ համապատասխանն տարիքի բնակչությունից,0.13
2016,%,իգական,,ընդամենը՝ համապատասխանն տարիքի բնակչությունից,0.11
2017,%,իգական,,ընդամենը՝ համապատասխանն տարիքի բնակչությունից,0.12
2018,%,իգական,,ընդամենը՝ համապատասխանն տարիքի բնակչությունից,0.11
2019,%,իգական,,ընդամենը՝ համապատասխանն տարիքի բնակչությունից,0.11
2020,%,իգական,,ընդամենը՝ համապատասխանն տարիքի բնակչությունից,0.1
2015,%,,մինչև 1 տարեկան,,0.16
2016,%,,մինչև 1 տարեկան,,0.12
2017,%,,մինչև 1 տարեկան,,0.16
2018,%,,մինչև 1 տարեկան,,0.13
2019,%,,մինչև 1 տարեկան,,0.15
2020,%,,մինչև 1 տարեկան,,0.12
2015,%,արական,մինչև 1 տարեկան,,0.15
2016,%,արական,մինչև 1 տարեկան,,0.12
2017,%,արական,մինչև 1 տարեկան,,0.14
2018,%,արական,մինչև 1 տարեկան,,0.14
2019,%,արական,մինչև 1 տարեկան,,0.13
2020,%,արական,մինչև 1 տարեկան,,0.13
2015,%,իգական,մինչև 1 տարեկան,,0.17
2016,%,իգական,մինչև 1 տարեկան,,0.11
2017,%,իգական,մինչև 1 տարեկան,,0.18
2018,%,իգական,մինչև 1 տարեկան,,0.13
2019,%,իգական,մինչև 1 տարեկան,,0.18
2020,%,իգական,մինչև 1 տարեկան,,0.1
2015,%,,1-6 տարեկան,,0.08
2016,%,,1-6 տարեկան,,0.08
2017,%,,1-6 տարեկան,,0.07
2018,%,,1-6 տարեկան,,0.07
2019,%,,1-6 տարեկան,,0.07
2020,%,,1-6 տարեկան,,0.06
2015,%,արական,1-6 տարեկան,,0.08
2016,%,արական,1-6 տարեկան,,0.09
2017,%,արական,1-6 տարեկան,,0.07
2018,%,արական,1-6 տարեկան,,0.07
2019,%,արական,1-6 տարեկան,,0.07
2020,%,արական,1-6 տարեկան,,0.06
2015,%,իգական,1-6 տարեկան,,0.08
2016,%,իգական,1-6 տարեկան,,0.08
2017,%,իգական,1-6 տարեկան,,0.06
2018,%,իգական,1-6 տարեկան,,0.07
2019,%,իգական,1-6 տարեկան,,0.06
2020,%,իգական,1-6 տարեկան,,0.05
2015,%,,7-9 տարեկան,,0.13
2016,%,,7-9 տարեկան,,0.12
2017,%,,7-9 տարեկան,,0.14
2018,%,,7-9 տարեկան,,0.11
2019,%,,7-9 տարեկան,,0.11
2020,%,,7-9 տարեկան,,0.1
2015,%,արական,7-9 տարեկան,,0.13
2016,%,արական,7-9 տարեկան,,0.12
2017,%,արական,7-9 տարեկան,,0.15
2018,%,արական,7-9 տարեկան,,0.12
2019,%,արական,7-9 տարեկան,,0.12
2020,%,արական,7-9 տարեկան,,0.1
2015,%,իգական,7-9 տարեկան,,0.13
2016,%,իգական,7-9 տարեկան,,0.12
2017,%,իգական,7-9 տարեկան,,0.13
2018,%,իգական,7-9 տարեկան,,0.1
2019,%,իգական,7-9 տարեկան,,0.11
2020,%,իգական,7-9 տարեկան,,0.09
2015,%,,10-15 տարեկան,,0.12
2016,%,,10-15 տարեկան,,0.11
2017,%,,10-15 տարեկան,,0.1
2018,%,,10-15 տարեկան,,0.09
2019,%,,10-15 տարեկան,,0.09
2020,%,,10-15 տարեկան,,0.09
2015,%,արական,10-15 տարեկան,,0.12
2016,%,արական,10-15 տարեկան,,0.12
2017,%,արական,10-15 տարեկան,,0.11
2018,%,արական,10-15 տարեկան,,0.09
2019,%,արական,10-15 տարեկան,,0.09
2020,%,արական,10-15 տարեկան,,0.09
2015,%,իգական,10-15 տարեկան,,0.11
2016,%,իգական,10-15 տարեկան,,0.1
2017,%,իգական,10-15 տարեկան,,0.09
2018,%,իգական,10-15 տարեկան,,0.08
2019,%,իգական,10-15 տարեկան,,0.08
2020,%,իգական,10-15 տարեկան,,0.08
2015,%,,16-17 տարեկան,,0.29
2016,%,,16-17 տարեկան,,0.26
2017,%,,16-17 տարեկան,,0.3
2018,%,,16-17 տարեկան,,0.36
2019,%,,16-17 տարեկան,,0.3
2020,%,,16-17 տարեկան,,0.35
2015,%,արական,16-17 տարեկան,,0.27
2016,%,արական,16-17 տարեկան,,0.25
2017,%,արական,16-17 տարեկան,,0.26
2018,%,արական,16-17 տարեկան,,0.33
2019,%,արական,16-17 տարեկան,,0.29
2020,%,արական,16-17 տարեկան,,0.34
2015,%,իգական,16-17 տարեկան,,0.31
2016,%,իգական,16-17 տարեկան,,0.28
2017,%,իգական,16-17 տարեկան,,0.34
2018,%,իգական,16-17 տարեկան,,0.39
2019,%,իգական,16-17 տարեկան,,0.3
2020,%,իգական,16-17 տարեկան,,0.35
