Year,Access to servises,Units,Գտնվելու վայրը,Սեռ,Poverty,Value
2015,տնային տնտեսությունների հասանելիությունը կենտրոնացված ջրամատակարարմանը,%,,,,97.3
2016,տնային տնտեսությունների հասանելիությունը կենտրոնացված ջրամատակարարմանը,%,,,,97.9
2017,տնային տնտեսությունների հասանելիությունը կենտրոնացված ջրամատակարարմանը,%,,,,97.3
2018,տնային տնտեսությունների հասանելիությունը կենտրոնացված ջրամատակարարմանը,%,,,,97.9
2019,տնային տնտեսությունների հասանելիությունը կենտրոնացված ջրամատակարարմանը,%,,,,96.1
2020,տնային տնտեսությունների հասանելիությունը կենտրոնացված ջրամատակարարմանը,%,,,,95.5
2021,տնային տնտեսությունների հասանելիությունը կենտրոնացված ջրամատակարարմանը,%,,,,96.3
2015,տնային տնտեսությունների հասանելիությունը կենտրոնացված ջրամատակարարմանը,%,քաղաք,,,99.9
2016,տնային տնտեսությունների հասանելիությունը կենտրոնացված ջրամատակարարմանը,%,քաղաք,,,100.0
2017,տնային տնտեսությունների հասանելիությունը կենտրոնացված ջրամատակարարմանը,%,քաղաք,,,99.9
2018,տնային տնտեսությունների հասանելիությունը կենտրոնացված ջրամատակարարմանը,%,քաղաք,,,99.7
2019,տնային տնտեսությունների հասանելիությունը կենտրոնացված ջրամատակարարմանը,%,քաղաք,,,99.5
2020,տնային տնտեսությունների հասանելիությունը կենտրոնացված ջրամատակարարմանը,%,քաղաք,,,99.7
2021,տնային տնտեսությունների հասանելիությունը կենտրոնացված ջրամատակարարմանը,%,քաղաք,,,99.9
2015,տնային տնտեսությունների հասանելիությունը կենտրոնացված ջրամատակարարմանը,%,գյուղ,,,92.5
2016,տնային տնտեսությունների հասանելիությունը կենտրոնացված ջրամատակարարմանը,%,գյուղ,,,94.0
2017,տնային տնտեսությունների հասանելիությունը կենտրոնացված ջրամատակարարմանը,%,գյուղ,,,93.3
2018,տնային տնտեսությունների հասանելիությունը կենտրոնացված ջրամատակարարմանը,%,գյուղ,,,94.4
2019,տնային տնտեսությունների հասանելիությունը կենտրոնացված ջրամատակարարմանը,%,գյուղ,,,90.6
2020,տնային տնտեսությունների հասանելիությունը կենտրոնացված ջրամատակարարմանը,%,գյուղ,,,89.6
2021,տնային տնտեսությունների հասանելիությունը կենտրոնացված ջրամատակարարմանը,%,գյուղ,,,89.6
2015,տնային տնտեսությունների հասանելիությունը կենտրոնացված կոյուղու համակարգ,%,,,,69.9
2016,տնային տնտեսությունների հասանելիությունը կենտրոնացված կոյուղու համակարգ,%,,,,69.7
2017,տնային տնտեսությունների հասանելիությունը կենտրոնացված կոյուղու համակարգ,%,,,,69.8
2018,տնային տնտեսությունների հասանելիությունը կենտրոնացված կոյուղու համակարգ,%,,,,71.9
2019,տնային տնտեսությունների հասանելիությունը կենտրոնացված կոյուղու համակարգ,%,,,,74.7
2020,տնային տնտեսությունների հասանելիությունը կենտրոնացված կոյուղու համակարգ,%,,,,77.9
2021,տնային տնտեսությունների հասանելիությունը կենտրոնացված կոյուղու համակարգ,%,,,,81.2
2015,տնային տնտեսությունների հասանելիությունը կենտրոնացված կոյուղու համակարգ,%,քաղաք,,,96.4
2016,տնային տնտեսությունների հասանելիությունը կենտրոնացված կոյուղու համակարգ,%,քաղաք,,,96.1
2017,տնային տնտեսությունների հասանելիությունը կենտրոնացված կոյուղու համակարգ,%,քաղաք,,,97.8
2018,տնային տնտեսությունների հասանելիությունը կենտրոնացված կոյուղու համակարգ,%,քաղաք,,,98.1
2019,տնային տնտեսությունների հասանելիությունը կենտրոնացված կոյուղու համակարգ,%,քաղաք,,,97.3
2020,տնային տնտեսությունների հասանելիությունը կենտրոնացված կոյուղու համակարգ,%,քաղաք,,,98.7
2021,տնային տնտեսությունների հասանելիությունը կենտրոնացված կոյուղու համակարգ,%,քաղաք,,,99.3
2015,տնային տնտեսությունների հասանելիությունը կենտրոնացված կոյուղու համակարգ,%,գյուղ,,,20.3
2016,տնային տնտեսությունների հասանելիությունը կենտրոնացված կոյուղու համակարգ,%,գյուղ,,,20.3
2017,տնային տնտեսությունների հասանելիությունը կենտրոնացված կոյուղու համակարգ,%,գյուղ,,,25.3
2018,տնային տնտեսությունների հասանելիությունը կենտրոնացված կոյուղու համակարգ,%,գյուղ,,,28.6
2019,տնային տնտեսությունների հասանելիությունը կենտրոնացված կոյուղու համակարգ,%,գյուղ,,,38.1
2020,տնային տնտեսությունների հասանելիությունը կենտրոնացված կոյուղու համակարգ,%,գյուղ,,,48.6
2021,տնային տնտեսությունների հասանելիությունը կենտրոնացված կոյուղու համակարգ,%,գյուղ,,,47.5
2015,տնային տնտեսությունների հասանելիությունը կենտրոնացված աղբահանությանը (աղբամուղ և/կամ հավաքվում է բեռնատարով. թափվում է աղբակույտի մեջ),%,,,,87.6
2016,տնային տնտեսությունների հասանելիությունը կենտրոնացված աղբահանությանը (աղբամուղ և/կամ հավաքվում է բեռնատարով. թափվում է աղբակույտի մեջ),%,,,,86.6
2017,տնային տնտեսությունների հասանելիությունը կենտրոնացված աղբահանությանը (աղբամուղ և/կամ հավաքվում է բեռնատարով. թափվում է աղբակույտի մեջ),%,,,,91.7
2018,տնային տնտեսությունների հասանելիությունը կենտրոնացված աղբահանությանը (աղբամուղ և/կամ հավաքվում է բեռնատարով. թափվում է աղբակույտի մեջ),%,,,,93.6
2019,տնային տնտեսությունների հասանելիությունը կենտրոնացված աղբահանությանը (աղբամուղ և/կամ հավաքվում է բեռնատարով. թափվում է աղբակույտի մեջ),%,,,,95.7
2020,տնային տնտեսությունների հասանելիությունը կենտրոնացված աղբահանությանը (աղբամուղ և/կամ հավաքվում է բեռնատարով. թափվում է աղբակույտի մեջ),%,,,,97.0
2021,տնային տնտեսությունների հասանելիությունը կենտրոնացված աղբահանությանը (աղբամուղ և/կամ հավաքվում է բեռնատարով. թափվում է աղբակույտի մեջ),%,,,,96.3
2015,տնային տնտեսությունների հասանելիությունը կենտրոնացված աղբահանությանը (աղբամուղ և/կամ հավաքվում է բեռնատարով. թափվում է աղբակույտի մեջ),%,քաղաք,,,98.7
2016,տնային տնտեսությունների հասանելիությունը կենտրոնացված աղբահանությանը (աղբամուղ և/կամ հավաքվում է բեռնատարով. թափվում է աղբակույտի մեջ),%,քաղաք,,,98.7
2017,տնային տնտեսությունների հասանելիությունը կենտրոնացված աղբահանությանը (աղբամուղ և/կամ հավաքվում է բեռնատարով. թափվում է աղբակույտի մեջ),%,քաղաք,,,99.8
2018,տնային տնտեսությունների հասանելիությունը կենտրոնացված աղբահանությանը (աղբամուղ և/կամ հավաքվում է բեռնատարով. թափվում է աղբակույտի մեջ),%,քաղաք,,,99.4
2019,տնային տնտեսությունների հասանելիությունը կենտրոնացված աղբահանությանը (աղբամուղ և/կամ հավաքվում է բեռնատարով. թափվում է աղբակույտի մեջ),%,քաղաք,,,99.9
2020,տնային տնտեսությունների հասանելիությունը կենտրոնացված աղբահանությանը (աղբամուղ և/կամ հավաքվում է բեռնատարով. թափվում է աղբակույտի մեջ),%,քաղաք,,,99.4
2021,տնային տնտեսությունների հասանելիությունը կենտրոնացված աղբահանությանը (աղբամուղ և/կամ հավաքվում է բեռնատարով. թափվում է աղբակույտի մեջ),%,քաղաք,,,99.8
2015,տնային տնտեսությունների հասանելիությունը կենտրոնացված աղբահանությանը (աղբամուղ և/կամ հավաքվում է բեռնատարով. թափվում է աղբակույտի մեջ),%,գյուղ,,,66.7
2016,տնային տնտեսությունների հասանելիությունը կենտրոնացված աղբահանությանը (աղբամուղ և/կամ հավաքվում է բեռնատարով. թափվում է աղբակույտի մեջ),%,գյուղ,,,63.6
2017,տնային տնտեսությունների հասանելիությունը կենտրոնացված աղբահանությանը (աղբամուղ և/կամ հավաքվում է բեռնատարով. թափվում է աղբակույտի մեջ),%,գյուղ,,,78.7
2018,տնային տնտեսությունների հասանելիությունը կենտրոնացված աղբահանությանը (աղբամուղ և/կամ հավաքվում է բեռնատարով. թափվում է աղբակույտի մեջ),%,գյուղ,,,84.2
2019,տնային տնտեսությունների հասանելիությունը կենտրոնացված աղբահանությանը (աղբամուղ և/կամ հավաքվում է բեռնատարով. թափվում է աղբակույտի մեջ),%,գյուղ,,,89.0
2020,տնային տնտեսությունների հասանելիությունը կենտրոնացված աղբահանությանը (աղբամուղ և/կամ հավաքվում է բեռնատարով. թափվում է աղբակույտի մեջ),%,գյուղ,,,92.6
2021,տնային տնտեսությունների հասանելիությունը կենտրոնացված աղբահանությանը (աղբամուղ և/կամ հավաքվում է բեռնատարով. թափվում է աղբակույտի մեջ),%,գյուղ,,,89.5
2015,ինտերնետային կապի հասանելիությունը տնային տնտեսությանը,%,,,,61.2
2016,ինտերնետային կապի հասանելիությունը տնային տնտեսությանը,%,,,,74.7
2017,ինտերնետային կապի հասանելիությունը տնային տնտեսությանը,%,,,,64.7
2018,ինտերնետային կապի հասանելիությունը տնային տնտեսությանը,%,,,,68.2
2019,ինտերնետային կապի հասանելիությունը տնային տնտեսությանը,%,,,,69.1
2020,ինտերնետային կապի հասանելիությունը տնային տնտեսությանը,%,,,,73.0
2021,ինտերնետային կապի հասանելիությունը տնային տնտեսությանը,%,,,,73.3
2015,ինտերնետային կապի հասանելիությունը տնային տնտեսությանը,%,քաղաք,,,64.4
2016,ինտերնետային կապի հասանելիությունը տնային տնտեսությանը,%,քաղաք,,,77.9
2017,ինտերնետային կապի հասանելիությունը տնային տնտեսությանը,%,քաղաք,,,68.1
2018,ինտերնետային կապի հասանելիությունը տնային տնտեսությանը,%,քաղաք,,,73.1
2019,ինտերնետային կապի հասանելիությունը տնային տնտեսությանը,%,քաղաք,,,61.2
2020,ինտերնետային կապի հասանելիությունը տնային տնտեսությանը,%,քաղաք,,,71.6
2021,ինտերնետային կապի հասանելիությունը տնային տնտեսությանը,%,քաղաք,,,68.5
2015,ինտերնետային կապի հասանելիությունը տնային տնտեսությանը,%,գյուղ,,,55.3
2016,ինտերնետային կապի հասանելիությունը տնային տնտեսությանը,%,գյուղ,,,68.7
2017,ինտերնետային կապի հասանելիությունը տնային տնտեսությանը,%,գյուղ,,,59.4
2018,ինտերնետային կապի հասանելիությունը տնային տնտեսությանը,%,գյուղ,,,60.3
2019,ինտերնետային կապի հասանելիությունը տնային տնտեսությանը,%,գյուղ,,,66.4
2020,ինտերնետային կապի հասանելիությունը տնային տնտեսությանը,%,գյուղ,,,72.5
2021,ինտերնետային կապի հասանելիությունը տնային տնտեսությանը,%,գյուղ,,,71.6
2015,ինտերնետային կապի հասանելիությունը տնային տնտեսության անդամներին,%,,,,59.1
2016,ինտերնետային կապի հասանելիությունը տնային տնտեսության անդամներին,%,,,,64.3
2017,ինտերնետային կապի հասանելիությունը տնային տնտեսության անդամներին,%,,,,64.7
2018,ինտերնետային կապի հասանելիությունը տնային տնտեսության անդամներին,%,,,,68.2
2019,ինտերնետային կապի հասանելիությունը տնային տնտեսության անդամներին,%,,,,66.5
2020,ինտերնետային կապի հասանելիությունը տնային տնտեսության անդամներին,%,,,,76.5
2021,ինտերնետային կապի հասանելիությունը տնային տնտեսության անդամներին,%,,,,78.6
2015,ինտերնետային կապի հասանելիությունը տնային տնտեսության անդամներին,%,,տղամարդ,,60.8
2016,ինտերնետային կապի հասանելիությունը տնային տնտեսության անդամներին,%,,տղամարդ,,65.5
2017,ինտերնետային կապի հասանելիությունը տնային տնտեսության անդամներին,%,,տղամարդ,,66.3
2018,ինտերնետային կապի հասանելիությունը տնային տնտեսության անդամներին,%,,տղամարդ,,69.9
2019,ինտերնետային կապի հասանելիությունը տնային տնտեսության անդամներին,%,,տղամարդ,,65.8
2020,ինտերնետային կապի հասանելիությունը տնային տնտեսության անդամներին,%,,տղամարդ,,74.9
2021,ինտերնետային կապի հասանելիությունը տնային տնտեսության անդամներին,%,,տղամարդ,,75.5
2015,ինտերնետային կապի հասանելիությունը տնային տնտեսության անդամներին,%,,կին,,57.8
2016,ինտերնետային կապի հասանելիությունը տնային տնտեսության անդամներին,%,,կին,,63.4
2017,ինտերնետային կապի հասանելիությունը տնային տնտեսության անդամներին,%,,կին,,63.4
2018,ինտերնետային կապի հասանելիությունը տնային տնտեսության անդամներին,%,,կին,,66.9
2019,ինտերնետային կապի հասանելիությունը տնային տնտեսության անդամներին,%,,կին,,67.2
2020,ինտերնետային կապի հասանելիությունը տնային տնտեսության անդամներին,%,,կին,,78.1
2021,ինտերնետային կապի հասանելիությունը տնային տնտեսության անդամներին,%,,կին,,85.4
2015,էլեկտրաէներգիայի մատակարարմամբ տնային տնտեսությունների մասնաբաժինը,%,,,,99.6
2016,էլեկտրաէներգիայի մատակարարմամբ տնային տնտեսությունների մասնաբաժինը,%,,,,99.8
2017,էլեկտրաէներգիայի մատակարարմամբ տնային տնտեսությունների մասնաբաժինը,%,,,,99.7
2018,էլեկտրաէներգիայի մատակարարմամբ տնային տնտեսությունների մասնաբաժինը,%,,,,99.9
2019,էլեկտրաէներգիայի մատակարարմամբ տնային տնտեսությունների մասնաբաժինը,%,,,,100.0
2020,էլեկտրաէներգիայի մատակարարմամբ տնային տնտեսությունների մասնաբաժինը,%,,,,100.0
2021,էլեկտրաէներգիայի մատակարարմամբ տնային տնտեսությունների մասնաբաժինը,%,,,,100.0
2015,էլեկտրաէներգիայի մատակարարմամբ տնային տնտեսությունների մասնաբաժինը,%,քաղաք,,,95.5
2016,էլեկտրաէներգիայի մատակարարմամբ տնային տնտեսությունների մասնաբաժինը,%,քաղաք,,,99.8
2017,էլեկտրաէներգիայի մատակարարմամբ տնային տնտեսությունների մասնաբաժինը,%,քաղաք,,,99.8
2018,էլեկտրաէներգիայի մատակարարմամբ տնային տնտեսությունների մասնաբաժինը,%,քաղաք,,,99.9
2019,էլեկտրաէներգիայի մատակարարմամբ տնային տնտեսությունների մասնաբաժինը,%,քաղաք,,,100.0
2020,էլեկտրաէներգիայի մատակարարմամբ տնային տնտեսությունների մասնաբաժինը,%,քաղաք,,,100.0
2021,էլեկտրաէներգիայի մատակարարմամբ տնային տնտեսությունների մասնաբաժինը,%,քաղաք,,,100.0
2015,էլեկտրաէներգիայի մատակարարմամբ տնային տնտեսությունների մասնաբաժինը,%,գյուղ,,,96.7
2016,էլեկտրաէներգիայի մատակարարմամբ տնային տնտեսությունների մասնաբաժինը,%,գյուղ,,,99.7
2017,էլեկտրաէներգիայի մատակարարմամբ տնային տնտեսությունների մասնաբաժինը,%,գյուղ,,,99.7
2018,էլեկտրաէներգիայի մատակարարմամբ տնային տնտեսությունների մասնաբաժինը,%,գյուղ,,,99.9
2019,էլեկտրաէներգիայի մատակարարմամբ տնային տնտեսությունների մասնաբաժինը,%,գյուղ,,,100.0
2020,էլեկտրաէներգիայի մատակարարմամբ տնային տնտեսությունների մասնաբաժինը,%,գյուղ,,,100.0
2021,էլեկտրաէներգիայի մատակարարմամբ տնային տնտեսությունների մասնաբաժինը,%,գյուղ,,,100.0
2015,մաքուր վառելիքից և տեխնոլոգիայից առաջնային կախվածություն ունեցող տնային տնտեսությունների մասնաբաժինը,%,,,,58.8
2016,մաքուր վառելիքից և տեխնոլոգիայից առաջնային կախվածություն ունեցող տնային տնտեսությունների մասնաբաժինը,%,,,,57.1
2017,մաքուր վառելիքից և տեխնոլոգիայից առաջնային կախվածություն ունեցող տնային տնտեսությունների մասնաբաժինը,%,,,,57.0
2018,մաքուր վառելիքից և տեխնոլոգիայից առաջնային կախվածություն ունեցող տնային տնտեսությունների մասնաբաժինը,%,,,,59.3
2019,մաքուր վառելիքից և տեխնոլոգիայից առաջնային կախվածություն ունեցող տնային տնտեսությունների մասնաբաժինը,%,,,,69.2
2020,մաքուր վառելիքից և տեխնոլոգիայից առաջնային կախվածություն ունեցող տնային տնտեսությունների մասնաբաժինը,%,,,,73.3
2021,մաքուր վառելիքից և տեխնոլոգիայից առաջնային կախվածություն ունեցող տնային տնտեսությունների մասնաբաժինը,%,,,,75.0
2015,մաքուր վառելիքից և տեխնոլոգիայից առաջնային կախվածություն ունեցող տնային տնտեսությունների մասնաբաժինը,%,քաղաք,,,82.5
2016,մաքուր վառելիքից և տեխնոլոգիայից առաջնային կախվածություն ունեցող տնային տնտեսությունների մասնաբաժինը,%,քաղաք,,,81.3
2017,մաքուր վառելիքից և տեխնոլոգիայից առաջնային կախվածություն ունեցող տնային տնտեսությունների մասնաբաժինը,%,քաղաք,,,84.0
2018,մաքուր վառելիքից և տեխնոլոգիայից առաջնային կախվածություն ունեցող տնային տնտեսությունների մասնաբաժինը,%,քաղաք,,,85.1
2019,մաքուր վառելիքից և տեխնոլոգիայից առաջնային կախվածություն ունեցող տնային տնտեսությունների մասնաբաժինը,%,քաղաք,,,92.9
2020,մաքուր վառելիքից և տեխնոլոգիայից առաջնային կախվածություն ունեցող տնային տնտեսությունների մասնաբաժինը,%,քաղաք,,,94.8
2021,մաքուր վառելիքից և տեխնոլոգիայից առաջնային կախվածություն ունեցող տնային տնտեսությունների մասնաբաժինը,%,քաղաք,,,93.4
2015,մաքուր վառելիքից և տեխնոլոգիայից առաջնային կախվածություն ունեցող տնային տնտեսությունների մասնաբաժինը,%,գյուղ,,,15.5
2016,մաքուր վառելիքից և տեխնոլոգիայից առաջնային կախվածություն ունեցող տնային տնտեսությունների մասնաբաժինը,%,գյուղ,,,13.3
2017,մաքուր վառելիքից և տեխնոլոգիայից առաջնային կախվածություն ունեցող տնային տնտեսությունների մասնաբաժինը,%,գյուղ,,,14.5
2018,մաքուր վառելիքից և տեխնոլոգիայից առաջնային կախվածություն ունեցող տնային տնտեսությունների մասնաբաժինը,%,գյուղ,,,17.2
2019,մաքուր վառելիքից և տեխնոլոգիայից առաջնային կախվածություն ունեցող տնային տնտեսությունների մասնաբաժինը,%,գյուղ,,,31.5
2020,մաքուր վառելիքից և տեխնոլոգիայից առաջնային կախվածություն ունեցող տնային տնտեսությունների մասնաբաժինը,%,գյուղ,,,42.7
2021,մաքուր վառելիքից և տեխնոլոգիայից առաջնային կախվածություն ունեցող տնային տնտեսությունների մասնաբաժինը,%,գյուղ,,,40.5
