Year,Access to servises,Units,Տարածք,Սեռ,Value
2015,տնային տնտեսությունների հասանելիությունը կենտրոնացված ջրամատակարարմանը,%,,,97.3
2016,տնային տնտեսությունների հասանելիությունը կենտրոնացված ջրամատակարարմանը,%,,,97.9
2017,տնային տնտեսությունների հասանելիությունը կենտրոնացված ջրամատակարարմանը,%,,,97.3
2018,տնային տնտեսությունների հասանելիությունը կենտրոնացված ջրամատակարարմանը,%,,,97.9
2019,տնային տնտեսությունների հասանելիությունը կենտրոնացված ջրամատակարարմանը,%,,,96.1
2020,տնային տնտեսությունների հասանելիությունը կենտրոնացված ջրամատակարարմանը,%,,,99.5
2015,տնային տնտեսությունների հասանելիությունը կենտրոնացված ջրամատակարարմանը,%,քաղաք,,99.9
2016,տնային տնտեսությունների հասանելիությունը կենտրոնացված ջրամատակարարմանը,%,քաղաք,,100.0
2017,տնային տնտեսությունների հասանելիությունը կենտրոնացված ջրամատակարարմանը,%,քաղաք,,99.9
2018,տնային տնտեսությունների հասանելիությունը կենտրոնացված ջրամատակարարմանը,%,քաղաք,,99.7
2019,տնային տնտեսությունների հասանելիությունը կենտրոնացված ջրամատակարարմանը,%,քաղաք,,99.5
2020,տնային տնտեսությունների հասանելիությունը կենտրոնացված ջրամատակարարմանը,%,քաղաք,,99.7
2015,տնային տնտեսությունների հասանելիությունը կենտրոնացված ջրամատակարարմանը,%,գյուղ,,92.5
2016,տնային տնտեսությունների հասանելիությունը կենտրոնացված ջրամատակարարմանը,%,գյուղ,,94.0
2017,տնային տնտեսությունների հասանելիությունը կենտրոնացված ջրամատակարարմանը,%,գյուղ,,93.3
2018,տնային տնտեսությունների հասանելիությունը կենտրոնացված ջրամատակարարմանը,%,գյուղ,,94.4
2019,տնային տնտեսությունների հասանելիությունը կենտրոնացված ջրամատակարարմանը,%,գյուղ,,90.6
2020,տնային տնտեսությունների հասանելիությունը կենտրոնացված ջրամատակարարմանը,%,գյուղ,,89.6
2015,տնային տնտեսությունների հասանելիությունը կենտրոնացված  ջրահեռացմանը,%,,,69.9
2016,տնային տնտեսությունների հասանելիությունը կենտրոնացված  ջրահեռացմանը,%,,,69.7
2017,տնային տնտեսությունների հասանելիությունը կենտրոնացված  ջրահեռացմանը,%,,,69.8
2018,տնային տնտեսությունների հասանելիությունը կենտրոնացված  ջրահեռացմանը,%,,,71.9
2019,տնային տնտեսությունների հասանելիությունը կենտրոնացված  ջրահեռացմանը,%,,,74.7
2020,տնային տնտեսությունների հասանելիությունը կենտրոնացված  ջրահեռացմանը,%,,,77.9
2015,տնային տնտեսությունների հասանելիությունը կենտրոնացված  ջրահեռացմանը,%,քաղաք,,96.4
2016,տնային տնտեսությունների հասանելիությունը կենտրոնացված  ջրահեռացմանը,%,քաղաք,,96.1
2017,տնային տնտեսությունների հասանելիությունը կենտրոնացված  ջրահեռացմանը,%,քաղաք,,97.8
2018,տնային տնտեսությունների հասանելիությունը կենտրոնացված  ջրահեռացմանը,%,քաղաք,,98.1
2019,տնային տնտեսությունների հասանելիությունը կենտրոնացված  ջրահեռացմանը,%,քաղաք,,97.3
2020,տնային տնտեսությունների հասանելիությունը կենտրոնացված  ջրահեռացմանը,%,քաղաք,,98.7
2015,տնային տնտեսությունների հասանելիությունը կենտրոնացված  ջրահեռացմանը,%,գյուղ,,20.3
2016,տնային տնտեսությունների հասանելիությունը կենտրոնացված  ջրահեռացմանը,%,գյուղ,,20.3
2017,տնային տնտեսությունների հասանելիությունը կենտրոնացված  ջրահեռացմանը,%,գյուղ,,25.3
2018,տնային տնտեսությունների հասանելիությունը կենտրոնացված  ջրահեռացմանը,%,գյուղ,,28.6
2019,տնային տնտեսությունների հասանելիությունը կենտրոնացված  ջրահեռացմանը,%,գյուղ,,38.1
2020,տնային տնտեսությունների հասանելիությունը կենտրոնացված  ջրահեռացմանը,%,գյուղ,,48.6
2015,տնային տնտեսությունների հասանելիությունը կենտրոնացված աղբահանությանը  (աղբամուղ և/կամ հավաքվում է բեռնատարով. թափվում է աղբակույտի մեջ),%,,,87.6
2016,տնային տնտեսությունների հասանելիությունը կենտրոնացված աղբահանությանը  (աղբամուղ և/կամ հավաքվում է բեռնատարով. թափվում է աղբակույտի մեջ),%,,,86.6
2017,տնային տնտեսությունների հասանելիությունը կենտրոնացված աղբահանությանը  (աղբամուղ և/կամ հավաքվում է բեռնատարով. թափվում է աղբակույտի մեջ),%,,,91.7
2018,տնային տնտեսությունների հասանելիությունը կենտրոնացված աղբահանությանը  (աղբամուղ և/կամ հավաքվում է բեռնատարով. թափվում է աղբակույտի մեջ),%,,,93.6
2019,տնային տնտեսությունների հասանելիությունը կենտրոնացված աղբահանությանը  (աղբամուղ և/կամ հավաքվում է բեռնատարով. թափվում է աղբակույտի մեջ),%,,,95.7
2020,տնային տնտեսությունների հասանելիությունը կենտրոնացված աղբահանությանը  (աղբամուղ և/կամ հավաքվում է բեռնատարով. թափվում է աղբակույտի մեջ),%,,,97.0
2015,տնային տնտեսությունների հասանելիությունը կենտրոնացված աղբահանությանը  (աղբամուղ և/կամ հավաքվում է բեռնատարով. թափվում է աղբակույտի մեջ),%,քաղաք,,98.7
2016,տնային տնտեսությունների հասանելիությունը կենտրոնացված աղբահանությանը  (աղբամուղ և/կամ հավաքվում է բեռնատարով. թափվում է աղբակույտի մեջ),%,քաղաք,,98.7
2017,տնային տնտեսությունների հասանելիությունը կենտրոնացված աղբահանությանը  (աղբամուղ և/կամ հավաքվում է բեռնատարով. թափվում է աղբակույտի մեջ),%,քաղաք,,99.8
2018,տնային տնտեսությունների հասանելիությունը կենտրոնացված աղբահանությանը  (աղբամուղ և/կամ հավաքվում է բեռնատարով. թափվում է աղբակույտի մեջ),%,քաղաք,,99.4
2019,տնային տնտեսությունների հասանելիությունը կենտրոնացված աղբահանությանը  (աղբամուղ և/կամ հավաքվում է բեռնատարով. թափվում է աղբակույտի մեջ),%,քաղաք,,99.9
2020,տնային տնտեսությունների հասանելիությունը կենտրոնացված աղբահանությանը  (աղբամուղ և/կամ հավաքվում է բեռնատարով. թափվում է աղբակույտի մեջ),%,քաղաք,,99.4
2015,տնային տնտեսությունների հասանելիությունը կենտրոնացված աղբահանությանը  (աղբամուղ և/կամ հավաքվում է բեռնատարով. թափվում է աղբակույտի մեջ),%,գյուղ,,66.7
2016,տնային տնտեսությունների հասանելիությունը կենտրոնացված աղբահանությանը  (աղբամուղ և/կամ հավաքվում է բեռնատարով. թափվում է աղբակույտի մեջ),%,գյուղ,,63.6
2017,տնային տնտեսությունների հասանելիությունը կենտրոնացված աղբահանությանը  (աղբամուղ և/կամ հավաքվում է բեռնատարով. թափվում է աղբակույտի մեջ),%,գյուղ,,78.7
2018,տնային տնտեսությունների հասանելիությունը կենտրոնացված աղբահանությանը  (աղբամուղ և/կամ հավաքվում է բեռնատարով. թափվում է աղբակույտի մեջ),%,գյուղ,,84.2
2019,տնային տնտեսությունների հասանելիությունը կենտրոնացված աղբահանությանը  (աղբամուղ և/կամ հավաքվում է բեռնատարով. թափվում է աղբակույտի մեջ),%,գյուղ,,89.0
2020,տնային տնտեսությունների հասանելիությունը կենտրոնացված աղբահանությանը  (աղբամուղ և/կամ հավաքվում է բեռնատարով. թափվում է աղբակույտի մեջ),%,գյուղ,,92.6
2015,ինտերնետային կապի հասանելիությունը տնային տնտեսությանը,%,,,61.2
2016,ինտերնետային կապի հասանելիությունը տնային տնտեսությանը,%,,,74.7
2017,ինտերնետային կապի հասանելիությունը տնային տնտեսությանը,%,,,64.7
2018,ինտերնետային կապի հասանելիությունը տնային տնտեսությանը,%,,,68.2
2019,ինտերնետային կապի հասանելիությունը տնային տնտեսությանը,%,,,66.5
2020,ինտերնետային կապի հասանելիությունը տնային տնտեսությանը,%,,,76.5
2015,ինտերնետային կապի հասանելիությունը տնային տնտեսությանը,%,քաղաք,,64.4
2016,ինտերնետային կապի հասանելիությունը տնային տնտեսությանը,%,քաղաք,,77.9
2017,ինտերնետային կապի հասանելիությունը տնային տնտեսությանը,%,քաղաք,,68.1
2018,ինտերնետային կապի հասանելիությունը տնային տնտեսությանը,%,քաղաք,,73.1
2019,ինտերնետային կապի հասանելիությունը տնային տնտեսությանը,%,քաղաք,,70.8
2020,ինտերնետային կապի հասանելիությունը տնային տնտեսությանը,%,քաղաք,,80.1
2015,ինտերնետային կապի հասանելիությունը տնային տնտեսությանը,%,գյուղ,,55.3
2016,ինտերնետային կապի հասանելիությունը տնային տնտեսությանը,%,գյուղ,,68.7
2017,ինտերնետային կապի հասանելիությունը տնային տնտեսությանը,%,գյուղ,,59.4
2018,ինտերնետային կապի հասանելիությունը տնային տնտեսությանը,%,գյուղ,,60.3
2019,ինտերնետային կապի հասանելիությունը տնային տնտեսությանը,%,գյուղ,,59.9
2020,ինտերնետային կապի հասանելիությունը տնային տնտեսությանը,%,գյուղ,,71.5
2015,ինտերնետային կապի հասանելիությունը տնային տնտեսության անդամներին,%,,,59.1
2016,ինտերնետային կապի հասանելիությունը տնային տնտեսության անդամներին,%,,,64.3
2017,ինտերնետային կապի հասանելիությունը տնային տնտեսության անդամներին,%,,,64.7
2018,ինտերնետային կապի հասանելիությունը տնային տնտեսության անդամներին,%,,,68.2
2019,ինտերնետային կապի հասանելիությունը տնային տնտեսության անդամներին,%,,,66.5
2020,ինտերնետային կապի հասանելիությունը տնային տնտեսության անդամներին,%,,,76.5
2015,ինտերնետային կապի հասանելիությունը տնային տնտեսության անդամներին,%,,արական,60.8
2016,ինտերնետային կապի հասանելիությունը տնային տնտեսության անդամներին,%,,արական,65.5
2017,ինտերնետային կապի հասանելիությունը տնային տնտեսության անդամներին,%,,արական,66.3
2018,ինտերնետային կապի հասանելիությունը տնային տնտեսության անդամներին,%,,արական,69.9
2019,ինտերնետային կապի հասանելիությունը տնային տնտեսության անդամներին,%,,արական,65.8
2020,ինտերնետային կապի հասանելիությունը տնային տնտեսության անդամներին,%,,արական,74.9
2015,ինտերնետային կապի հասանելիությունը տնային տնտեսության անդամներին,%,,իգական,57.8
2016,ինտերնետային կապի հասանելիությունը տնային տնտեսության անդամներին,%,,իգական,63.4
2017,ինտերնետային կապի հասանելիությունը տնային տնտեսության անդամներին,%,,իգական,63.4
2018,ինտերնետային կապի հասանելիությունը տնային տնտեսության անդամներին,%,,իգական,66.9
2019,ինտերնետային կապի հասանելիությունը տնային տնտեսության անդամներին,%,,իգական,67.2
2020,ինտերնետային կապի հասանելիությունը տնային տնտեսության անդամներին,%,,իգական,78.1
2015,էլեկտրաէներգիա ունեցող տնային տնտեսությունների մասնաբաժինը,%,,,99.6
2016,էլեկտրաէներգիա ունեցող տնային տնտեսությունների մասնաբաժինը,%,,,99.8
2017,էլեկտրաէներգիա ունեցող տնային տնտեսությունների մասնաբաժինը,%,,,99.7
2018,էլեկտրաէներգիա ունեցող տնային տնտեսությունների մասնաբաժինը,%,,,99.9
2019,էլեկտրաէներգիա ունեցող տնային տնտեսությունների մասնաբաժինը,%,,,100.0
2020,էլեկտրաէներգիա ունեցող տնային տնտեսությունների մասնաբաժինը,%,,,100.0
2015,էլեկտրաէներգիա ունեցող տնային տնտեսությունների մասնաբաժինը,%,քաղաք,,95.5
2016,էլեկտրաէներգիա ունեցող տնային տնտեսությունների մասնաբաժինը,%,քաղաք,,99.8
2017,էլեկտրաէներգիա ունեցող տնային տնտեսությունների մասնաբաժինը,%,քաղաք,,99.8
2018,էլեկտրաէներգիա ունեցող տնային տնտեսությունների մասնաբաժինը,%,քաղաք,,99.9
2019,էլեկտրաէներգիա ունեցող տնային տնտեսությունների մասնաբաժինը,%,քաղաք,,100.0
2020,էլեկտրաէներգիա ունեցող տնային տնտեսությունների մասնաբաժինը,%,քաղաք,,100.0
2015,էլեկտրաէներգիա ունեցող տնային տնտեսությունների մասնաբաժինը,%,գյուղ,,96.7
2016,էլեկտրաէներգիա ունեցող տնային տնտեսությունների մասնաբաժինը,%,գյուղ,,99.7
2017,էլեկտրաէներգիա ունեցող տնային տնտեսությունների մասնաբաժինը,%,գյուղ,,99.7
2018,էլեկտրաէներգիա ունեցող տնային տնտեսությունների մասնաբաժինը,%,գյուղ,,99.9
2019,էլեկտրաէներգիա ունեցող տնային տնտեսությունների մասնաբաժինը,%,գյուղ,,100.0
2020,էլեկտրաէներգիա ունեցող տնային տնտեսությունների մասնաբաժինը,%,գյուղ,,100.0
2015,մաքուր վառելիքից և տեխնոլոգիայից առաջնային կախվածություն ունեցող տնային տնտեսությունների,%,,,58.8
2016,մաքուր վառելիքից և տեխնոլոգիայից առաջնային կախվածություն ունեցող տնային տնտեսությունների,%,,,57.1
2017,մաքուր վառելիքից և տեխնոլոգիայից առաջնային կախվածություն ունեցող տնային տնտեսությունների,%,,,57.0
2018,մաքուր վառելիքից և տեխնոլոգիայից առաջնային կախվածություն ունեցող տնային տնտեսությունների,%,,,59.3
2019,մաքուր վառելիքից և տեխնոլոգիայից առաջնային կախվածություն ունեցող տնային տնտեսությունների,%,,,69.2
2020,մաքուր վառելիքից և տեխնոլոգիայից առաջնային կախվածություն ունեցող տնային տնտեսությունների,%,,,82.0
2015,մաքուր վառելիքից և տեխնոլոգիայից առաջնային կախվածություն ունեցող տնային տնտեսությունների,%,քաղաք,,82.5
2016,մաքուր վառելիքից և տեխնոլոգիայից առաջնային կախվածություն ունեցող տնային տնտեսությունների,%,քաղաք,,81.3
2017,մաքուր վառելիքից և տեխնոլոգիայից առաջնային կախվածություն ունեցող տնային տնտեսությունների,%,քաղաք,,84.0
2018,մաքուր վառելիքից և տեխնոլոգիայից առաջնային կախվածություն ունեցող տնային տնտեսությունների,%,քաղաք,,85.1
2019,մաքուր վառելիքից և տեխնոլոգիայից առաջնային կախվածություն ունեցող տնային տնտեսությունների,%,քաղաք,,92.9
2020,մաքուր վառելիքից և տեխնոլոգիայից առաջնային կախվածություն ունեցող տնային տնտեսությունների,%,քաղաք,,108.7
2015,մաքուր վառելիքից և տեխնոլոգիայից առաջնային կախվածություն ունեցող տնային տնտեսությունների,%,գյուղ,,15.5
2016,մաքուր վառելիքից և տեխնոլոգիայից առաջնային կախվածություն ունեցող տնային տնտեսությունների,%,գյուղ,,13.3
2017,մաքուր վառելիքից և տեխնոլոգիայից առաջնային կախվածություն ունեցող տնային տնտեսությունների,%,գյուղ,,14.5
2018,մաքուր վառելիքից և տեխնոլոգիայից առաջնային կախվածություն ունեցող տնային տնտեսությունների,%,գյուղ,,17.2
2019,մաքուր վառելիքից և տեխնոլոգիայից առաջնային կախվածություն ունեցող տնային տնտեսությունների,%,գյուղ,,31.5
2020,մաքուր վառելիքից և տեխնոլոգիայից առաջնային կախվածություն ունեցող տնային տնտեսությունների,%,գյուղ,,43.7
