Year,Իրավունքի տեսակ,Սեռ,Units,Value
2015,,,դեպք,94167
2016,,,դեպք,94748
2017,,,դեպք,103978
2018,,,դեպք,125524
2019,,,դեպք,158793
2020,,,դեպք,159189
2021,,,դեպք,200701
2022,,,դեպք,246958
2023,,,դեպք,233930
2024,,,դեպք,262616
2015,,տղամարդ,դեպք,70428
2016,,տղամարդ,դեպք,69362
2017,,տղամարդ,դեպք,75751
2018,,տղամարդ,դեպք,90719
2019,,տղամարդ,դեպք,115842
2020,,տղամարդ,դեպք,116904
2021,,տղամարդ,դեպք,141646
2022,,տղամարդ,դեպք,177406
2023,,տղամարդ,դեպք,158372
2024,,տղամարդ,դեպք,170599
2015,,կին,դեպք,23738
2016,,կին,դեպք,25385
2017,,կին,դեպք,28226
2018,,կին,դեպք,34805
2019,,կին,դեպք,42951
2020,,կին,դեպք,42285
2021,,կին,դեպք,59055
2022,,կին,դեպք,69548
2023,,կին,դեպք,69548
2024,,կին,դեպք,91991
2015,,չեզոք,դեպք,1
2016,,չեզոք,դեպք,1
2017,,չեզոք,դեպք,1
2018,,չեզոք,դեպք,0
2019,,չեզոք,դեպք,0
2020,,չեզոք,դեպք,0
2021,,չեզոք,դեպք,0
2022,,չեզոք,դեպք,2
2023,,չեզոք,դեպք,0
2024,,չեզոք,դեպք,26
2015,Ownership,տղամարդ,դեպք,36048
2015,Common jointly ownership,տղամարդ,դեպք,11714
2015,Common shared ownership,տղամարդ,դեպք,18407
2015,Lease,տղամարդ,դեպք,2065
2015,Sublease,տղամարդ,դեպք,61
2015,Pledge,տղամարդ,դեպք,283
2015,A right to land development,տղամարդ,դեպք,583
2015,Gratuitous use,տղամարդ,դեպք,59
2015,Use of the residential premises,տղամարդ,դեպք,5
2015,Servitude,տղամարդ,դեպք,5
2015,Right of constructor or unauthorised buidlings,տղամարդ,դեպք,1091
2015,Use,տղամարդ,դեպք,14
2015,Having the right to purchase immovable property under construction,տղամարդ,դեպք,93
2016,Ownership,տղամարդ,դեպք,34508
2016,Common jointly ownership,տղամարդ,դեպք,11817
2016,Common shared ownership,տղամարդ,դեպք,18308
2016,Lease,տղամարդ,դեպք,2333
2016,Sublease,տղամարդ,դեպք,41
2016,Pledge,տղամարդ,դեպք,262
2016,A right to land development,տղամարդ,դեպք,570
2016,Gratuitous use,տղամարդ,դեպք,79
2016,Servitude,տղամարդ,դեպք,5
2016,Right of constructor or unauthorised buidlings,տղամարդ,դեպք,1037
2016,Having the right to purchase immovable property under construction,տղամարդ,դեպք,21
2016,Use,տղամարդ,դեպք,380
2016,Use of the residential premises,տղամարդ,դեպք,1
2017,Ownership,տղամարդ,դեպք,38934
2017,Common jointly ownership,տղամարդ,դեպք,11531
2017,Common shared ownership,տղամարդ,դեպք,19430
2017,Lease,տղամարդ,դեպք,3211
2017,Sublease,տղամարդ,դեպք,48
2017,Pledge,տղամարդ,դեպք,247
2017,A right to land development,տղամարդ,դեպք,598
2017,Gratuitous use,տղամարդ,դեպք,66
2017,Servitude,տղամարդ,դեպք,8
2017,Trust management,տղամարդ,դեպք,2
2017,Right of constructor or unauthorised buidlings,տղամարդ,դեպք,1133
2017,Use,տղամարդ,դեպք,9
2017,Having the right to purchase immovable property under construction,տղամարդ,դեպք,530
2017,Use of unauthorised,տղամարդ,դեպք,2
2017,Use of the residential premises,տղամարդ,դեպք,2
2018,Ownership,տղամարդ,դեպք,46585
2018,Common jointly ownership,տղամարդ,դեպք,12801
2018,Common shared ownership,տղամարդ,դեպք,24446
2018,Lease,տղամարդ,դեպք,2984
2018,Sublease,տղամարդ,դեպք,58
2018,Pledge,տղամարդ,դեպք,279
2018,A right to land development,տղամարդ,դեպք,644
2018,Gratuitous use,տղամարդ,դեպք,80
2018,Use of the residential premises,տղամարդ,դեպք,2
2018,Servitude,տղամարդ,դեպք,8
2018,Trust management,տղամարդ,դեպք,1
2018,Right of constructor or unauthorised buidlings,տղամարդ,դեպք,1682
2018,Use,տղամարդ,դեպք,10
2018,Having the right to purchase immovable property under construction,տղամարդ,դեպք,1139
2019,Ownership,տղամարդ,դեպք,57327
2019,Common jointly ownership,տղամարդ,դեպք,19255
2019,Common shared ownership,տղամարդ,դեպք,27812
2019,Lease,տղամարդ,դեպք,5072
2019,Sublease,տղամարդ,դեպք,54
2019,Pledge,տղամարդ,դեպք,245
2019,A right to land development,տղամարդ,դեպք,658
2019,Gratuitous use,տղամարդ,դեպք,93
2019,Use of the residential premises,տղամարդ,դեպք,5
2019,Servitude,տղամարդ,դեպք,33
2019,Right of constructor or unauthorised buidlings,տղամարդ,դեպք,1917
2019,Use,տղամարդ,դեպք,17
2019,Having the right to purchase immovable property under construction,տղամարդ,դեպք,3352
2019,Use of unauthorised,տղամարդ,դեպք,1
2019,Trust management,տղամարդ,դեպք,1
2020,Ownership,տղամարդ,դեպք,55119
2020,Common jointly ownership,տղամարդ,դեպք,22596
2020,Common shared ownership,տղամարդ,դեպք,24985
2020,Lease,տղամարդ,դեպք,5401
2020,Sublease,տղամարդ,դեպք,45
2020,Pledge,տղամարդ,դեպք,187
2020,A right to land development,տղամարդ,դեպք,485
2020,Gratuitous use,տղամարդ,դեպք,88
2020,Use of the residential premises,տղամարդ,դեպք,3
2020,Servitude,տղամարդ,դեպք,26
2020,Right of constructor or unauthorised buidlings,տղամարդ,դեպք,1871
2020,Use,տղամարդ,դեպք,32
2020,Having the right to purchase immovable property under construction,տղամարդ,դեպք,6061
2020,Use of unauthorised,տղամարդ,դեպք,4
2020,Trust management,տղամարդ,դեպք,1
2021,Ownership,տղամարդ,դեպք,67894
2021,Common jointly ownership,տղամարդ,դեպք,20941
2021,Common shared ownership,տղամարդ,դեպք,33969
2021,Lease,տղամարդ,դեպք,6252
2021,Sublease,տղամարդ,դեպք,48
2021,Pledge,տղամարդ,դեպք,226
2021,A right to land development,տղամարդ,դեպք,580
2021,Gratuitous use,տղամարդ,դեպք,80
2021,Use of the residential premises,տղամարդ,դեպք,3
2021,Servitude,տղամարդ,դեպք,26
2021,Right of constructor or unauthorised buidlings,տղամարդ,դեպք,1861
2021,Use,տղամարդ,դեպք,12
2021,Having the right to purchase immovable property under construction,տղամարդ,դեպք,9725
2021,Trust management,տղամարդ,դեպք,1
2021,Leasing,տղամարդ,դեպք,1
2021,Use of unauthorised,տղամարդ,դեպք,27
2022,Ownership,տղամարդ,դեպք,77057
2022,Common jointly ownership,տղամարդ,դեպք,20368
2022,Common shared ownership,տղամարդ,դեպք,42337
2022,Lease,տղամարդ,դեպք,4670
2022,Sublease,տղամարդ,դեպք,55
2022,Pledge,տղամարդ,դեպք,324
2022,A right to land development,տղամարդ,դեպք,854
2022,Gratuitous use,տղամարդ,դեպք,137
2022,Use of the residential premises,տղամարդ,դեպք,1
2022,Servitude,տղամարդ,դեպք,47
2022,Trust management,տղամարդ,դեպք,1
2022,Right of constructor or unauthorised buidlings,տղամարդ,դեպք,3034
2022,Use,տղամարդ,դեպք,51
2022,Having the right to purchase immovable property under construction,տղամարդ,դեպք,16726
2022,Leasing,տղամարդ,դեպք,2
2022,Use of unauthorised,տղամարդ,դեպք,11742
2023,Ownership,տղամարդ,դեպք,65981
2023,Common jointly ownership,տղամարդ,դեպք,19670
2023,Common shared ownership,տղամարդ,դեպք,43443
2023,Lease,տղամարդ,դեպք,3368
2023,Sublease,տղամարդ,դեպք,40
2023,Pledge,տղամարդ,դեպք,166
2023,A right to land development,տղամարդ,դեպք,443
2023,Gratuitous use,տղամարդ,դեպք,87
2023,Use of the residential premises,տղամարդ,դեպք,2
2023,Servitude,տղամարդ,դեպք,65
2023,Trust management,տղամարդ,դեպք,5
2023,Right of constructor or unauthorised buidlings,տղամարդ,դեպք,2971
2023,Use,տղամարդ,դեպք,12
2023,Having the right to purchase immovable property under construction,տղամարդ,դեպք,14335
2023,Leasing,տղամարդ,դեպք,1
2023,Use of unauthorised,տղամարդ,դեպք,7783
2024,Ownership,տղամարդ,դեպք,72972
2024,Common jointly ownership,տղամարդ,դեպք,16058
2024,Common shared ownership,տղամարդ,դեպք,52621
2024,Lease,տղամարդ,դեպք,3710
2024,Sublease,տղամարդ,դեպք,391
2024,Pledge,տղամարդ,դեպք,167
2024,A right to land development,տղամարդ,դեպք,433
2024,Gratuitous use,տղամարդ,դեպք,98
2024,Use of the residential premises,տղամարդ,դեպք,2
2024,Servitude,տղամարդ,դեպք,36
2024,Trust management,տղամարդ,դեպք,3
2024,Right of constructor or unauthorised buidlings,տղամարդ,դեպք,2848
2024,Use,տղամարդ,դեպք,11
2024,Having the right to purchase immovable property under construction,տղամարդ,դեպք,19556
2024,Use of unauthorised,տղամարդ,դեպք,1693
2015,Ownership,կին,դեպք,9514
2015,Common jointly ownership,կին,դեպք,5116
2015,Common shared ownership,կին,դեպք,8355
2015,Lease,կին,դեպք,346
2015,Sublease,կին,դեպք,3
2015,Pledge,կին,դեպք,7
2015,A right to land development,կին,դեպք,117
2015,Gratuitous use,կին,դեպք,16
2015,Use of the residential premises,կին,դեպք,3
2015,Servitude,կին,դեպք,6
2015,Right of constructor or unauthorised buidlings,կին,դեպք,250
2015,Use,կին,դեպք,4
2015,Having the right to purchase immovable property under construction,կին,դեպք,1
2016,Ownership,կին,դեպք,10144
2016,Common jointly ownership,կին,դեպք,5636
2016,Common shared ownership,կին,դեպք,8655
2016,Lease,կին,դեպք,381
2016,Sublease,կին,դեպք,4
2016,Pledge,կին,դեպք,11
2016,A right to land development,կին,դեպք,121
2016,Gratuitous use,կին,դեպք,22
2016,Use of the residential premises,կին,դեպք,2
2016,Servitude,կին,դեպք,2
2016,Right of constructor or unauthorised buidlings,կին,դեպք,296
2016,Use,կին,դեպք,1
2016,Having the right to purchase immovable property under construction,կին,դեպք,109
2016,Use of unauthorised,կին,դեպք,1
2017,Ownership,կին,դեպք,11435
2017,Common jointly ownership,կին,դեպք,5837
2017,Common shared ownership,կին,դեպք,9784
2017,Lease,կին,դեպք,588
2017,Sublease,կին,դեպք,7
2017,Pledge,կին,դեպք,8
2017,A right to land development,կին,դեպք,131
2017,Gratuitous use,կին,դեպք,31
2017,Use of the residential premises,կին,դեպք,2
2017,Servitude,կին,դեպք,6
2017,Right of constructor or unauthorised buidlings,կին,դեպք,325
2017,Use,կին,դեպք,6
2017,Having the right to purchase immovable property under construction,կին,դեպք,66
2018,Ownership,կին,դեպք,13959
2018,Common jointly ownership,կին,դեպք,6615
2018,Common shared ownership,կին,դեպք,12736
2018,Lease,կին,դեպք,519
2018,Sublease,կին,դեպք,6
2018,Pledge,կին,դեպք,23
2018,A right to land development,կին,դեպք,170
2018,Gratuitous use,կին,դեպք,24
2018,Servitude,կին,դեպք,2
2018,Right of constructor or unauthorised buidlings,կին,դեպք,482
2018,Use,կին,դեպք,3
2018,Having the right to purchase immovable property under construction,կին,դեպք,265
2018,Use of unauthorised,կին,դեպք,1
2019,Ownership,կին,դեպք,16206
2019,Common jointly ownership,կին,դեպք,9784
2019,Common shared ownership,կին,դեպք,14682
2019,Lease,կին,դեպք,657
2019,Sublease,կին,դեպք,6
2019,Pledge,կին,դեպք,16
2019,A right to land development,կին,դեպք,155
2019,Gratuitous use,կին,դեպք,25
2019,Use of the residential premises,կին,դեպք,3
2019,Servitude,կին,դեպք,3
2019,Right of constructor or unauthorised buidlings,կին,դեպք,563
2019,Use,կին,դեպք,5
2019,Having the right to purchase immovable property under construction,կին,դեպք,843
2019,Use of unauthorised,կին,դեպք,3
2020,Ownership,կին,դեպք,14938
2020,Common jointly ownership,կին,դեպք,10786
2020,Common shared ownership,կին,դեպք,13450
2020,Lease,կին,դեպք,648
2020,Sublease,կին,դեպք,10
2020,Pledge,կին,դեպք,22
2020,A right to land development,կին,դեպք,99
2020,Gratuitous use,կին,դեպք,25
2020,Use of the residential premises,կին,դեպք,1
2020,Servitude,կին,դեպք,5
2020,Right of constructor or unauthorised buidlings,կին,դեպք,498
2020,Use,կին,դեպք,27
2020,Having the right to purchase immovable property under construction,կին,դեպք,1776
2021,Ownership,կին,դեպք,20720
2021,Common jointly ownership,կին,դեպք,9044
2021,Common shared ownership,կին,դեպք,22905
2021,Lease,կին,դեպք,947
2021,Sublease,կին,դեպք,11
2021,Pledge,կին,դեպք,27
2021,A right to land development,կին,դեպք,182
2021,Gratuitous use,կին,դեպք,43
2021,Use of the residential premises,կին,դեպք,3
2021,Servitude,կին,դեպք,11
2021,Trust management,կին,դեպք,1
2021,Right of constructor or unauthorised buidlings,կին,դեպք,550
2021,Use,կին,դեպք,6
2021,Having the right to purchase immovable property under construction,կին,դեպք,4599
2021,Use of unauthorised,կին,դեպք,6
2022,Ownership,կին,դեպք,23063
2022,Common jointly ownership,կին,դեպք,7935
2022,Common shared ownership,կին,դեպք,25159
2022,Lease,կին,դեպք,943
2022,Sublease,կին,դեպք,6
2022,Pledge,կին,դեպք,41
2022,A right to land development,կին,դեպք,255
2022,Gratuitous use,կին,դեպք,143
2022,Use of the residential premises,կին,դեպք,3
2022,Servitude,կին,դեպք,6
2022,Right of constructor or unauthorised buidlings,կին,դեպք,814
2022,Use,կին,դեպք,17
2022,Having the right to purchase immovable property under construction,կին,դեպք,7157
2022,Use of unauthorised,կին,դեպք,4006
2023,Ownership,կին,դեպք,23685
2023,Common jointly ownership,կին,դեպք,10031
2023,Common shared ownership,կին,դեպք,28183
2023,Lease,կին,դեպք,1056
2023,Sublease,կին,դեպք,6
2023,Pledge,կին,դեպք,28
2023,A right to land development,կին,դեպք,180
2023,Gratuitous use,կին,դեպք,37
2023,Use of the residential premises,կին,դեպք,1
2023,Servitude,կին,դեպք,14
2023,Right of constructor or unauthorised buidlings,կին,դեպք,978
2023,Use,կին,դեպք,6
2023,Having the right to purchase immovable property under construction,կին,դեպք,8652
2023,Use of unauthorised,կին,դեպք,2701
2024,Ownership,կին,դեպք,27090
2024,Common jointly ownership,կին,դեպք,9957
2024,Common shared ownership,կին,դեպք,37603
2024,Lease,կին,դեպք,1444
2024,Sublease,կին,դեպք,9
2024,Pledge,կին,դեպք,47
2024,A right to land development,կին,դեպք,188
2024,Gratuitous use,կին,դեպք,63
2024,Use of the residential premises,կին,դեպք,2
2024,Servitude,կին,դեպք,10
2024,Trust management,կին,դեպք,1
2024,Right of constructor or unauthorised buidlings,կին,դեպք,1011
2024,Use,կին,դեպք,5
2024,Having the right to purchase immovable property under construction,կին,դեպք,14105
2024,Use of unauthorised,կին,դեպք,456
2015,Ownership,չեզոք,դեպք,1
2016,Ownership,չեզոք,դեպք,1
2017,Common shared ownership,չեզոք,դեպք,1
2022,Common shared ownership,չեզոք,դեպք,1
2024,Ownership,չեզոք,դեպք,9
2024,Common jointly ownership,չեզոք,դեպք,3
2024,Common shared ownership,չեզոք,դեպք,10
2024,Having the right to purchase immovable property under construction,չեզոք,դեպք,4
