Year,Units,Կատեգորիա,Value
2010-2015,%,տնային տնտեսությունների ծախսերի կամ մեկ շնչին ընկնող եկամտի աճի ցուցանիշները բնակչության ստորին 40 տոկոսի շրջանում,102.51
2011-2016,%,տնային տնտեսությունների ծախսերի կամ մեկ շնչին ընկնող եկամտի աճի ցուցանիշները բնակչության ստորին 40 տոկոսի շրջանում,102.24
2012-2017,%,տնային տնտեսությունների ծախսերի կամ մեկ շնչին ընկնող եկամտի աճի ցուցանիշները բնակչության ստորին 40 տոկոսի շրջանում,101.8
2013-2018,%,տնային տնտեսությունների ծախսերի կամ մեկ շնչին ընկնող եկամտի աճի ցուցանիշները բնակչության ստորին 40 տոկոսի շրջանում,101.26
2020,%,տնային տնտեսությունների ծախսերի կամ մեկ շնչին ընկնող եկամտի աճի ցուցանիշները բնակչության ստորին 40 տոկոսի շրջանում,100.07
2021,%,տնային տնտեսությունների ծախսերի կամ մեկ շնչին ընկնող եկամտի աճի ցուցանիշները բնակչության ստորին 40 տոկոսի շրջանում,100.06
2010-2015,%,տնային տնտեսությունների ծախսերի կամ մեկ շնչին ընկնող եկամտի աճի ցուցանիշները ամբողջ բնակչության շրջանում,103.83
2011-2016,%,տնային տնտեսությունների ծախսերի կամ մեկ շնչին ընկնող եկամտի աճի ցուցանիշները ամբողջ բնակչության շրջանում,104.47
2012-2017,%,տնային տնտեսությունների ծախսերի կամ մեկ շնչին ընկնող եկամտի աճի ցուցանիշները ամբողջ բնակչության շրջանում,103.16
2013-2018,%,տնային տնտեսությունների ծախսերի կամ մեկ շնչին ընկնող եկամտի աճի ցուցանիշները ամբողջ բնակչության շրջանում,102.4
2020,%,տնային տնտեսությունների ծախսերի կամ մեկ շնչին ընկնող եկամտի աճի ցուցանիշները ամբողջ բնակչության շրջանում,99.07
2021,%,տնային տնտեսությունների ծախսերի կամ մեկ շնչին ընկնող եկամտի աճի ցուցանիշները ամբողջ բնակչության շրջանում,100.12
2022,%,տնային տնտեսությունների ծախսերի կամ մեկ շնչին ընկնող եկամտի աճի ցուցանիշները բնակչության ստորին 40 տոկոսի շրջանում,100.15
2022,%,տնային տնտեսությունների ծախսերի կամ մեկ շնչին ընկնող եկամտի աճի ցուցանիշները ամբողջ բնակչության շրջանում,100.17
