Year,Ծառայություններ,Սեռ,Գտնվելու վայրը,Տարիք,Disability,Quintiles,Value
2015,ջրամատակարարում,,,,,,83.0
2016,ջրամատակարարում,,,,,,85.8
2017,ջրամատակարարում,,,,,,85.8
2018,ջրամատակարարում,,,,,,87.3
2019,ջրամատակարարում,,,,,,89.6
2020,ջրամատակարարում,,,,,,94.0
2021,ջրամատակարարում,,,,,,95.0
2015,կոյուղի,,,,,,72.3
2016,կոյուղի,,,,,,70.8
2017,կոյուղի,,,,,,74.2
2018,կոյուղի,,,,,,76.5
2019,կոյուղի,,,,,,94.6
2020,կոյուղի,,,,,,97.5
2021,կոյուղի,,,,,,99.0
2015,աղբի հեռացում,,,,,,78.2
2016,աղբի հեռացում,,,,,,79.8
2017,աղբի հեռացում,,,,,,76.4
2018,աղբի հեռացում,,,,,,78.7
2019,աղբի հեռացում,,,,,,82.3
2020,աղբի հեռացում,,,,,,96.4
2021,աղբի հեռացում,,,,,,97.7
2015,հեռախոս ստացիոնար,,,,,,61.1
2016,հեռախոս ստացիոնար,,,,,,57.1
2017,հեռախոս ստացիոնար,,,,,,53.1
2018,հեռախոս ստացիոնար,,,,,,49.2
2019,հեռախոս ստացիոնար,,,,,,96.7
2020,հեռախոս ստացիոնար,,,,,,98.8
2021,հեռախոս ստացիոնար,,,,,,98.6
2015,էլեկտրաէներգիայի մատակարարում,,,,,,97.9
2016,էլեկտրաէներգիայի մատակարարում,,,,,,98.0
2017,էլեկտրաէներգիայի մատակարարում,,,,,,98.4
2018,էլեկտրաէներգիայի մատակարարում,,,,,,98.9
2019,էլեկտրաէներգիայի մատակարարում,,,,,,97.7
2020,էլեկտրաէներգիայի մատակարարում,,,,,,98.7
2021,էլեկտրաէներգիայի մատակարարում,,,,,,99.0
2015,փոստային ծառայություններ,,,,,,80.6
2016,փոստային ծառայություններ,,,,,,76.5
2017,փոստային ծառայություններ,,,,,,75.8
2018,փոստային ծառայություններ,,,,,,73.5
2019,փոստային ծառայություններ,,,,,,96.3
2020,փոստային ծառայություններ,,,,,,97.3
2021,փոստային ծառայություններ,,,,,,97.5
2015,բանկային ծառայություններ,,,,,,74.4
2016,բանկային ծառայություններ,,,,,,70.8
2017,բանկային ծառայություններ,,,,,,71.9
2018,բանկային ծառայություններ,,,,,,73.7
2019,բանկային ծառայություններ,,,,,,86.1
2020,բանկային ծառայություններ,,,,,,88.9
2021,բանկային ծառայություններ,,,,,,90.5
2015,ոռոգում,,,,,,17.6
2016,ոռոգում,,,,,,23.7
2017,ոռոգում,,,,,,22.8
2018,ոռոգում,,,,,,21.5
2019,ոռոգում,,,,,,
2020,ոռոգում,,,,,,
2021,ոռոգում,,,,,,
2015,առողջապահություն,,,,,,61.5
2016,առողջապահություն,,,,,,61.4
2017,առողջապահություն,,,,,,63.6
2018,առողջապահություն,,,,,,62.3
2019,առողջապահություն,,,,,,78.1
2020,առողջապահություն,,,,,,87.1
2021,առողջապահություն,,,,,,91.0
2021,առողջապահություն,տղամարդ,,,,,90.8
2021,առողջապահություն,կին,,,,,89.0
2021,առողջապահություն,,քաղաք,,,,88.5
2021,առողջապահություն,,գյուղ,,,,94.7
2021,առողջապահություն,,,aged 0-25 years,,,85.6
2021,առողջապահություն,,,aged 25-34 years,,,94.2
2021,առողջապահություն,,,aged 35-44 years,,,89.9
2021,առողջապահություն,,,aged 45-54 years,,,90.2
2021,առողջապահություն,,,aged 55-64 years,,,90.0
2021,առողջապահություն,,,aged 65 and over,,,89.5
2021,առողջապահություն,,,,հաշմանդամներ,,87.5
2021,առողջապահություն,,,,not disabled,,90.0
2021,առողջապահություն,,,,,1.0,93.8
2021,առողջապահություն,,,,,2.0,90.6
2021,առողջապահություն,,,,,3.0,90.6
2021,առողջապահություն,,,,,4.0,90.7
2021,առողջապահություն,,,,,5.0,89.7
2015,կրթություն,,,,,,52.3
2016,կրթություն,,,,,,53.8
2017,կրթություն,,,,,,56.3
2018,կրթություն,,,,,,54.9
2019,կրթություն,,,,,,85.1
2020,կրթություն,,,,,,90.5
2021,կրթություն,,,,,,89.1
2021,կրթություն,տղամարդ,,,,,89.2
2021,կրթություն,կին,,,,,88.6
2021,կրթություն,,քաղաք,,,,86.1
2021,կրթություն,,գյուղ,,,,92.6
2021,կրթություն,,,aged 0-25 years,,,84.5
2021,կրթություն,,,aged 25-34 years,,,91.8
2021,կրթություն,,,aged 35-44 years,,,85.0
2021,կրթություն,,,aged 45-54 years,,,90.0
2021,կրթություն,,,aged 55-64 years,,,91.2
2021,կրթություն,,,aged 65 and over,,,89.6
2021,կրթություն,,,,հաշմանդամներ,,89.2
2021,կրթություն,,,,not disabled,,89.0
2021,կրթություն,,,,,1.0,89.5
2021,կրթություն,,,,,2.0,89.1
2021,կրթություն,,,,,3.0,86.4
2021,կրթություն,,,,,4.0,88.7
2021,կրթություն,,,,,5.0,92.6
2015,հասարակական տրանսպորտ,,,,,,81.2
2016,հասարակական տրանսպորտ,,,,,,82.2
2017,հասարակական տրանսպորտ,,,,,,76.6
2018,հասարակական տրանսպորտ,,,,,,72.1
2019,հասարակական տրանսպորտ,,,,,,75.9
2020,հասարակական տրանսպորտ,,,,,,82.8
2021,հասարակական տրանսպորտ,,,,,,79.0
