Year,Units,Կատեգորիա,Value
2015,"այո=1, ոչ=0",վերջին 10 տարիների ընթացքում անցկացվել է առնվազն մեկ մարդահամար,1.0
2016,"այո=1, ոչ=0",վերջին 10 տարիների ընթացքում անցկացվել է առնվազն մեկ մարդահամար,1.0
2017,"այո=1, ոչ=0",վերջին 10 տարիների ընթացքում անցկացվել է առնվազն մեկ մարդահամար,1.0
2018,"այո=1, ոչ=0",վերջին 10 տարիների ընթացքում անցկացվել է առնվազն մեկ մարդահամար,1.0
2019,"այո=1, ոչ=0",վերջին 10 տարիների ընթացքում անցկացվել է առնվազն մեկ մարդահամար,1.0
2015,%,հասել  են ծնունդների գրանցման 100 տոկոսին,96.6
2015,%,հասել են մահվան դեպքերի գրանցման 80 տոկոսին,84.0
2020,"այո=1, ոչ=0",վերջին 10 տարիների ընթացքում անցկացվել է առնվազն մեկ մարդահամար,1.0
