Year,Units,Կատեգորիա,Value
2015,"1,000 կենդանածնի հաշվով",0-28 օրական,6.3
2016,"1,000 կենդանածնի հաշվով",0-28 օրական,6.1
2017,"1,000 կենդանածնի հաշվով",0-28 օրական,6.2
2018,"1,000 կենդանածնի հաշվով",0-28 օրական,5.0
2019,"1,000 կենդանածնի հաշվով",0-28 օրական,4.7
2020,"1,000 կենդանածնի հաշվով",0-28 օրական,5.6
2021,"1,000 կենդանածնի հաշվով",0-28 օրական,4.9
