Year,Units,Տեսակ,Value
2015,"100,000  բնակչի հաշվով",սրտանոթային հիվանդություն,221.9
2016,"100,000  բնակչի հաշվով",սրտանոթային հիվանդություն,239.3
2017,"100,000  բնակչի հաշվով",սրտանոթային հիվանդություն,254.4
2015,"100,000  բնակչի հաշվով",քաղցկեղ,206.3
2016,"100,000  բնակչի հաշվով",քաղցկեղ,189.2
2017,"100,000  բնակչի հաշվով",քաղցկեղ,188.9
2015,"100,000  բնակչի հաշվով",շաքարախտ,34.5
2016,"100,000  բնակչի հաշվով",շաքարախտ,32.6
2017,"100,000  բնակչի հաշվով",շաքարախտ,24.1
2018,"100,000  բնակչի հաշվով",սրտանոթային հիվանդություն,254.0
2018,"100,000  բնակչի հաշվով",քաղցկեղ,176.2
2018,"100,000  բնակչի հաշվով",շաքարախտ,15.9
2018,"100,000  բնակչի հաշվով",քրոնիկ շնչառական հիվանդություն,27.4
2015,"100,000  բնակչի հաշվով",քրոնիկ շնչառական հիվանդություն,24.6
2016,"100,000  բնակչի հաշվով",քրոնիկ շնչառական հիվանդություն,27.9
2017,"100,000  բնակչի հաշվով",քրոնիկ շնչառական հիվանդություն,21.4
2019,"100,000  բնակչի հաշվով",սրտանոթային հիվանդություն,245.6
2019,"100,000  բնակչի հաշվով",քաղցկեղ,187.1
2019,"100,000  բնակչի հաշվով",շաքարախտ,13.3
2019,"100,000  բնակչի հաշվով",քրոնիկ շնչառական հիվանդություն,30.5
2020,"100,000  բնակչի հաշվով",սրտանոթային հիվանդություն,289.0
2020,"100,000  բնակչի հաշվով",քաղցկեղ,178.5
2020,"100,000  բնակչի հաշվով",շաքարախտ,11.9
2020,"100,000  բնակչի հաշվով",քրոնիկ շնչառական հիվանդություն,10.0
