Year,Units,Կատեգորիա,Value
2015,%,էլեկտրականություն,100.0
2016,%,էլեկտրականություն,100.0
2017,%,էլեկտրականություն,100.0
2018,%,էլեկտրականություն,100.0
2019,%,էլեկտրականություն,100.0
2020,%,էլեկտրականություն,100.0
2015,%,համացանցին միացված դպրոցների համամասնությունը,99.9
2016,%,համացանցին միացված դպրոցների համամասնությունը,100.0
2017,%,համացանցին միացված դպրոցների համամասնությունը,100.0
2018,%,համացանցին միացված դպրոցների համամասնությունը,100.0
2019,%,համացանցին միացված դպրոցների համամասնությունը,100.0
2020,%,համացանցին միացված դպրոցների համամասնությունը,100.0
2015,%,ուսուցիչների թվաքանակը մեկ համակարգչի հաշվով,1.8
2016,%,ուսուցիչների թվաքանակը մեկ համակարգչի հաշվով,1.7
2017,%,ուսուցիչների թվաքանակը մեկ համակարգչի հաշվով,1.7
2018,%,ուսուցիչների թվաքանակը մեկ համակարգչի հաշվով,1.5
2019,%,ուսուցիչների թվաքանակը մեկ համակարգչի հաշվով,1.3
2020,%,ուսուցիչների թվաքանակը մեկ համակարգչի հաշվով,1.3
2015,%,ջրամատակարարում,93.9
2016,%,ջրամատակարարում,95.0
2017,%,ջրամատակարարում,94.9
2018,%,ջրամատակարարում,94.9
2019,%,ջրամատակարարում,94.9
2020,%,ջրամատակարարում,95.0
2015,%,կոյուղի,89.4
2016,%,կոյուղի,90.1
2017,%,կոյուղի,90.4
2018,%,կոյուղի,90.1
2019,%,կոյուղի,90.1
2020,%,կոյուղի,90.3
