Year,Units,Սեռ,Value
2015,դրամ,,171615
2016,դրամ,,174445
2017,դրամ,,177817
*2017,դրամ,,166004
*2018,դրամ,,172727
2019,դրամ,,182673
2020,դրամ,,189716
2015,դրամ,տղամարդ,203657
2016,դրամ,տղամարդ,209271
2017,դրամ,տղամարդ,211720
*2017,դրամ,տղամարդ,209035
*2018,դրամ,տղամարդ,210783
2019,դրամ,տղամարդ,222510
2020,դրամ,տղամարդ,231520
2015,դրամ,կին,135492
2016,դրամ,կին,138901
2017,դրամ,կին,143016
*2017,դրամ,կին,117941
*2018,դրամ,կին,136363
2019,դրամ,կին,145198
2020,դրամ,կին,150306
