Year,тип права,Пол,Units,Value
2015,,,случай,94167
2016,,,случай,94748
2017,,,случай,103978
2018,,,случай,125524
2019,,,случай,158793
2020,,,случай,159189
2021,,,случай,200701
2022,,,случай,246958
2023,,,случай,233930
2024,,,случай,262616
2015,,мужчина,случай,70428
2016,,мужчина,случай,69362
2017,,мужчина,случай,75751
2018,,мужчина,случай,90719
2019,,мужчина,случай,115842
2020,,мужчина,случай,116904
2021,,мужчина,случай,141646
2022,,мужчина,случай,177406
2023,,мужчина,случай,158372
2024,,мужчина,случай,170599
2015,,женщина,случай,23738
2016,,женщина,случай,25385
2017,,женщина,случай,28226
2018,,женщина,случай,34805
2019,,женщина,случай,42951
2020,,женщина,случай,42285
2021,,женщина,случай,59055
2022,,женщина,случай,69548
2023,,женщина,случай,69548
2024,,женщина,случай,91991
2015,,нейтральный,случай,1
2016,,нейтральный,случай,1
2017,,нейтральный,случай,1
2018,,нейтральный,случай,0
2019,,нейтральный,случай,0
2020,,нейтральный,случай,0
2021,,нейтральный,случай,0
2022,,нейтральный,случай,2
2023,,нейтральный,случай,0
2024,,нейтральный,случай,26
2015,Собственность,мужчина,случай,36048
2015,Общая совместная собственность,мужчина,случай,11714
2015,Общая долевая собственность,мужчина,случай,18407
2015,Аренда,мужчина,случай,2065
2015,Поднаем,мужчина,случай,61
2015,Залог,мужчина,случай,283
2015,Права на застройку  земельного участка,мужчина,случай,583
2015,Безвозмездное пользование,мужчина,случай,59
2015,Пользование жилым помещением,мужчина,случай,5
2015,Сервитут,мужчина,случай,5
2015,Right of constructor or unauthorised buidlings,мужчина,случай,1091
2015,Использование,мужчина,случай,14
2015,Право покупки возводимого недвижимого имущества,мужчина,случай,93
2016,Собственность,мужчина,случай,34508
2016,Общая совместная собственность,мужчина,случай,11817
2016,Общая долевая собственность,мужчина,случай,18308
2016,Аренда,мужчина,случай,2333
2016,Поднаем,мужчина,случай,41
2016,Залог,мужчина,случай,262
2016,Права на застройку  земельного участка,мужчина,случай,570
2016,Безвозмездное пользование,мужчина,случай,79
2016,Сервитут,мужчина,случай,5
2016,Right of constructor or unauthorised buidlings,мужчина,случай,1037
2016,Право покупки возводимого недвижимого имущества,мужчина,случай,21
2016,Использование,мужчина,случай,380
2016,Пользование жилым помещением,мужчина,случай,1
2017,Собственность,мужчина,случай,38934
2017,Общая совместная собственность,мужчина,случай,11531
2017,Общая долевая собственность,мужчина,случай,19430
2017,Аренда,мужчина,случай,3211
2017,Поднаем,мужчина,случай,48
2017,Залог,мужчина,случай,247
2017,Права на застройку  земельного участка,мужчина,случай,598
2017,Безвозмездное пользование,мужчина,случай,66
2017,Сервитут,мужчина,случай,8
2017,Доверительное управление,мужчина,случай,2
2017,Right of constructor or unauthorised buidlings,мужчина,случай,1133
2017,Использование,мужчина,случай,9
2017,Право покупки возводимого недвижимого имущества,мужчина,случай,530
2017,Use of unauthorised,мужчина,случай,2
2017,Пользование жилым помещением,мужчина,случай,2
2018,Собственность,мужчина,случай,46585
2018,Общая совместная собственность,мужчина,случай,12801
2018,Общая долевая собственность,мужчина,случай,24446
2018,Аренда,мужчина,случай,2984
2018,Поднаем,мужчина,случай,58
2018,Залог,мужчина,случай,279
2018,Права на застройку  земельного участка,мужчина,случай,644
2018,Безвозмездное пользование,мужчина,случай,80
2018,Пользование жилым помещением,мужчина,случай,2
2018,Сервитут,мужчина,случай,8
2018,Доверительное управление,мужчина,случай,1
2018,Right of constructor or unauthorised buidlings,мужчина,случай,1682
2018,Использование,мужчина,случай,10
2018,Право покупки возводимого недвижимого имущества,мужчина,случай,1139
2019,Собственность,мужчина,случай,57327
2019,Общая совместная собственность,мужчина,случай,19255
2019,Общая долевая собственность,мужчина,случай,27812
2019,Аренда,мужчина,случай,5072
2019,Поднаем,мужчина,случай,54
2019,Залог,мужчина,случай,245
2019,Права на застройку  земельного участка,мужчина,случай,658
2019,Безвозмездное пользование,мужчина,случай,93
2019,Пользование жилым помещением,мужчина,случай,5
2019,Сервитут,мужчина,случай,33
2019,Right of constructor or unauthorised buidlings,мужчина,случай,1917
2019,Использование,мужчина,случай,17
2019,Право покупки возводимого недвижимого имущества,мужчина,случай,3352
2019,Use of unauthorised,мужчина,случай,1
2019,Доверительное управление,мужчина,случай,1
2020,Собственность,мужчина,случай,55119
2020,Общая совместная собственность,мужчина,случай,22596
2020,Общая долевая собственность,мужчина,случай,24985
2020,Аренда,мужчина,случай,5401
2020,Поднаем,мужчина,случай,45
2020,Залог,мужчина,случай,187
2020,Права на застройку  земельного участка,мужчина,случай,485
2020,Безвозмездное пользование,мужчина,случай,88
2020,Пользование жилым помещением,мужчина,случай,3
2020,Сервитут,мужчина,случай,26
2020,Right of constructor or unauthorised buidlings,мужчина,случай,1871
2020,Использование,мужчина,случай,32
2020,Право покупки возводимого недвижимого имущества,мужчина,случай,6061
2020,Use of unauthorised,мужчина,случай,4
2020,Доверительное управление,мужчина,случай,1
2021,Собственность,мужчина,случай,67894
2021,Общая совместная собственность,мужчина,случай,20941
2021,Общая долевая собственность,мужчина,случай,33969
2021,Аренда,мужчина,случай,6252
2021,Поднаем,мужчина,случай,48
2021,Залог,мужчина,случай,226
2021,Права на застройку  земельного участка,мужчина,случай,580
2021,Безвозмездное пользование,мужчина,случай,80
2021,Пользование жилым помещением,мужчина,случай,3
2021,Сервитут,мужчина,случай,26
2021,Right of constructor or unauthorised buidlings,мужчина,случай,1861
2021,Использование,мужчина,случай,12
2021,Право покупки возводимого недвижимого имущества,мужчина,случай,9725
2021,Доверительное управление,мужчина,случай,1
2021,Лизинг,мужчина,случай,1
2021,Use of unauthorised,мужчина,случай,27
2022,Собственность,мужчина,случай,77057
2022,Общая совместная собственность,мужчина,случай,20368
2022,Общая долевая собственность,мужчина,случай,42337
2022,Аренда,мужчина,случай,4670
2022,Поднаем,мужчина,случай,55
2022,Залог,мужчина,случай,324
2022,Права на застройку  земельного участка,мужчина,случай,854
2022,Безвозмездное пользование,мужчина,случай,137
2022,Пользование жилым помещением,мужчина,случай,1
2022,Сервитут,мужчина,случай,47
2022,Доверительное управление,мужчина,случай,1
2022,Right of constructor or unauthorised buidlings,мужчина,случай,3034
2022,Использование,мужчина,случай,51
2022,Право покупки возводимого недвижимого имущества,мужчина,случай,16726
2022,Лизинг,мужчина,случай,2
2022,Use of unauthorised,мужчина,случай,11742
2023,Собственность,мужчина,случай,65981
2023,Общая совместная собственность,мужчина,случай,19670
2023,Общая долевая собственность,мужчина,случай,43443
2023,Аренда,мужчина,случай,3368
2023,Поднаем,мужчина,случай,40
2023,Залог,мужчина,случай,166
2023,Права на застройку  земельного участка,мужчина,случай,443
2023,Безвозмездное пользование,мужчина,случай,87
2023,Пользование жилым помещением,мужчина,случай,2
2023,Сервитут,мужчина,случай,65
2023,Доверительное управление,мужчина,случай,5
2023,Right of constructor or unauthorised buidlings,мужчина,случай,2971
2023,Использование,мужчина,случай,12
2023,Право покупки возводимого недвижимого имущества,мужчина,случай,14335
2023,Лизинг,мужчина,случай,1
2023,Use of unauthorised,мужчина,случай,7783
2024,Собственность,мужчина,случай,72972
2024,Общая совместная собственность,мужчина,случай,16058
2024,Общая долевая собственность,мужчина,случай,52621
2024,Аренда,мужчина,случай,3710
2024,Поднаем,мужчина,случай,391
2024,Залог,мужчина,случай,167
2024,Права на застройку  земельного участка,мужчина,случай,433
2024,Безвозмездное пользование,мужчина,случай,98
2024,Пользование жилым помещением,мужчина,случай,2
2024,Сервитут,мужчина,случай,36
2024,Доверительное управление,мужчина,случай,3
2024,Right of constructor or unauthorised buidlings,мужчина,случай,2848
2024,Использование,мужчина,случай,11
2024,Право покупки возводимого недвижимого имущества,мужчина,случай,19556
2024,Use of unauthorised,мужчина,случай,1693
2015,Собственность,женщина,случай,9514
2015,Общая совместная собственность,женщина,случай,5116
2015,Общая долевая собственность,женщина,случай,8355
2015,Аренда,женщина,случай,346
2015,Поднаем,женщина,случай,3
2015,Залог,женщина,случай,7
2015,Права на застройку  земельного участка,женщина,случай,117
2015,Безвозмездное пользование,женщина,случай,16
2015,Пользование жилым помещением,женщина,случай,3
2015,Сервитут,женщина,случай,6
2015,Right of constructor or unauthorised buidlings,женщина,случай,250
2015,Использование,женщина,случай,4
2015,Право покупки возводимого недвижимого имущества,женщина,случай,1
2016,Собственность,женщина,случай,10144
2016,Общая совместная собственность,женщина,случай,5636
2016,Общая долевая собственность,женщина,случай,8655
2016,Аренда,женщина,случай,381
2016,Поднаем,женщина,случай,4
2016,Залог,женщина,случай,11
2016,Права на застройку  земельного участка,женщина,случай,121
2016,Безвозмездное пользование,женщина,случай,22
2016,Пользование жилым помещением,женщина,случай,2
2016,Сервитут,женщина,случай,2
2016,Right of constructor or unauthorised buidlings,женщина,случай,296
2016,Использование,женщина,случай,1
2016,Право покупки возводимого недвижимого имущества,женщина,случай,109
2016,Use of unauthorised,женщина,случай,1
2017,Собственность,женщина,случай,11435
2017,Общая совместная собственность,женщина,случай,5837
2017,Общая долевая собственность,женщина,случай,9784
2017,Аренда,женщина,случай,588
2017,Поднаем,женщина,случай,7
2017,Залог,женщина,случай,8
2017,Права на застройку  земельного участка,женщина,случай,131
2017,Безвозмездное пользование,женщина,случай,31
2017,Пользование жилым помещением,женщина,случай,2
2017,Сервитут,женщина,случай,6
2017,Right of constructor or unauthorised buidlings,женщина,случай,325
2017,Использование,женщина,случай,6
2017,Право покупки возводимого недвижимого имущества,женщина,случай,66
2018,Собственность,женщина,случай,13959
2018,Общая совместная собственность,женщина,случай,6615
2018,Общая долевая собственность,женщина,случай,12736
2018,Аренда,женщина,случай,519
2018,Поднаем,женщина,случай,6
2018,Залог,женщина,случай,23
2018,Права на застройку  земельного участка,женщина,случай,170
2018,Безвозмездное пользование,женщина,случай,24
2018,Сервитут,женщина,случай,2
2018,Right of constructor or unauthorised buidlings,женщина,случай,482
2018,Использование,женщина,случай,3
2018,Право покупки возводимого недвижимого имущества,женщина,случай,265
2018,Use of unauthorised,женщина,случай,1
2019,Собственность,женщина,случай,16206
2019,Общая совместная собственность,женщина,случай,9784
2019,Общая долевая собственность,женщина,случай,14682
2019,Аренда,женщина,случай,657
2019,Поднаем,женщина,случай,6
2019,Залог,женщина,случай,16
2019,Права на застройку  земельного участка,женщина,случай,155
2019,Безвозмездное пользование,женщина,случай,25
2019,Пользование жилым помещением,женщина,случай,3
2019,Сервитут,женщина,случай,3
2019,Right of constructor or unauthorised buidlings,женщина,случай,563
2019,Использование,женщина,случай,5
2019,Право покупки возводимого недвижимого имущества,женщина,случай,843
2019,Use of unauthorised,женщина,случай,3
2020,Собственность,женщина,случай,14938
2020,Общая совместная собственность,женщина,случай,10786
2020,Общая долевая собственность,женщина,случай,13450
2020,Аренда,женщина,случай,648
2020,Поднаем,женщина,случай,10
2020,Залог,женщина,случай,22
2020,Права на застройку  земельного участка,женщина,случай,99
2020,Безвозмездное пользование,женщина,случай,25
2020,Пользование жилым помещением,женщина,случай,1
2020,Сервитут,женщина,случай,5
2020,Right of constructor or unauthorised buidlings,женщина,случай,498
2020,Использование,женщина,случай,27
2020,Право покупки возводимого недвижимого имущества,женщина,случай,1776
2021,Собственность,женщина,случай,20720
2021,Общая совместная собственность,женщина,случай,9044
2021,Общая долевая собственность,женщина,случай,22905
2021,Аренда,женщина,случай,947
2021,Поднаем,женщина,случай,11
2021,Залог,женщина,случай,27
2021,Права на застройку  земельного участка,женщина,случай,182
2021,Безвозмездное пользование,женщина,случай,43
2021,Пользование жилым помещением,женщина,случай,3
2021,Сервитут,женщина,случай,11
2021,Доверительное управление,женщина,случай,1
2021,Right of constructor or unauthorised buidlings,женщина,случай,550
2021,Использование,женщина,случай,6
2021,Право покупки возводимого недвижимого имущества,женщина,случай,4599
2021,Use of unauthorised,женщина,случай,6
2022,Собственность,женщина,случай,23063
2022,Общая совместная собственность,женщина,случай,7935
2022,Общая долевая собственность,женщина,случай,25159
2022,Аренда,женщина,случай,943
2022,Поднаем,женщина,случай,6
2022,Залог,женщина,случай,41
2022,Права на застройку  земельного участка,женщина,случай,255
2022,Безвозмездное пользование,женщина,случай,143
2022,Пользование жилым помещением,женщина,случай,3
2022,Сервитут,женщина,случай,6
2022,Right of constructor or unauthorised buidlings,женщина,случай,814
2022,Использование,женщина,случай,17
2022,Право покупки возводимого недвижимого имущества,женщина,случай,7157
2022,Use of unauthorised,женщина,случай,4006
2023,Собственность,женщина,случай,23685
2023,Общая совместная собственность,женщина,случай,10031
2023,Общая долевая собственность,женщина,случай,28183
2023,Аренда,женщина,случай,1056
2023,Поднаем,женщина,случай,6
2023,Залог,женщина,случай,28
2023,Права на застройку  земельного участка,женщина,случай,180
2023,Безвозмездное пользование,женщина,случай,37
2023,Пользование жилым помещением,женщина,случай,1
2023,Сервитут,женщина,случай,14
2023,Right of constructor or unauthorised buidlings,женщина,случай,978
2023,Использование,женщина,случай,6
2023,Право покупки возводимого недвижимого имущества,женщина,случай,8652
2023,Use of unauthorised,женщина,случай,2701
2024,Собственность,женщина,случай,27090
2024,Общая совместная собственность,женщина,случай,9957
2024,Общая долевая собственность,женщина,случай,37603
2024,Аренда,женщина,случай,1444
2024,Поднаем,женщина,случай,9
2024,Залог,женщина,случай,47
2024,Права на застройку  земельного участка,женщина,случай,188
2024,Безвозмездное пользование,женщина,случай,63
2024,Пользование жилым помещением,женщина,случай,2
2024,Сервитут,женщина,случай,10
2024,Доверительное управление,женщина,случай,1
2024,Right of constructor or unauthorised buidlings,женщина,случай,1011
2024,Использование,женщина,случай,5
2024,Право покупки возводимого недвижимого имущества,женщина,случай,14105
2024,Use of unauthorised,женщина,случай,456
2015,Собственность,нейтральный,случай,1
2016,Собственность,нейтральный,случай,1
2017,Общая долевая собственность,нейтральный,случай,1
2022,Общая долевая собственность,нейтральный,случай,1
2024,Собственность,нейтральный,случай,9
2024,Общая совместная собственность,нейтральный,случай,3
2024,Общая долевая собственность,нейтральный,случай,10
2024,Право покупки возводимого недвижимого имущества,нейтральный,случай,4
