Year,Доступ к услугам,Units,Место нахождения,Пол,Бедность,Value
2015,Доступ к централизованному водоснабжению для членов домохозяства,%,,,,97.3
2016,Доступ к централизованному водоснабжению для членов домохозяства,%,,,,97.9
2017,Доступ к централизованному водоснабжению для членов домохозяства,%,,,,97.3
2018,Доступ к централизованному водоснабжению для членов домохозяства,%,,,,97.9
2019,Доступ к централизованному водоснабжению для членов домохозяства,%,,,,96.1
2020,Доступ к централизованному водоснабжению для членов домохозяства,%,,,,95.5
2021,Доступ к централизованному водоснабжению для членов домохозяства,%,,,,95.3
2015,Доступ к централизованному водоснабжению для членов домохозяства,%,город,,,99.9
2016,Доступ к централизованному водоснабжению для членов домохозяства,%,город,,,100.0
2017,Доступ к централизованному водоснабжению для членов домохозяства,%,город,,,99.9
2018,Доступ к централизованному водоснабжению для членов домохозяства,%,город,,,99.7
2019,Доступ к централизованному водоснабжению для членов домохозяства,%,город,,,99.5
2020,Доступ к централизованному водоснабжению для членов домохозяства,%,город,,,99.7
2021,Доступ к централизованному водоснабжению для членов домохозяства,%,город,,,99.9
2015,Доступ к централизованному водоснабжению для членов домохозяства,%,село,,,92.5
2016,Доступ к централизованному водоснабжению для членов домохозяства,%,село,,,94.0
2017,Доступ к централизованному водоснабжению для членов домохозяства,%,село,,,93.3
2018,Доступ к централизованному водоснабжению для членов домохозяства,%,село,,,94.4
2019,Доступ к централизованному водоснабжению для членов домохозяства,%,село,,,90.6
2020,Доступ к централизованному водоснабжению для членов домохозяства,%,село,,,89.6
2021,Доступ к централизованному водоснабжению для членов домохозяства,%,село,,,89.6
2015,Доступ к централизованной канализации для членов домохозяйства,%,,,,69.9
2016,Доступ к централизованной канализации для членов домохозяйства,%,,,,69.7
2017,Доступ к централизованной канализации для членов домохозяйства,%,,,,69.8
2018,Доступ к централизованной канализации для членов домохозяйства,%,,,,71.9
2019,Доступ к централизованной канализации для членов домохозяйства,%,,,,74.7
2020,Доступ к централизованной канализации для членов домохозяйства,%,,,,77.9
2021,Доступ к централизованной канализации для членов домохозяйства,%,,,,76.7
2015,Доступ к централизованной канализации для членов домохозяйства,%,город,,,96.4
2016,Доступ к централизованной канализации для членов домохозяйства,%,город,,,96.1
2017,Доступ к централизованной канализации для членов домохозяйства,%,город,,,97.8
2018,Доступ к централизованной канализации для членов домохозяйства,%,город,,,98.1
2019,Доступ к централизованной канализации для членов домохозяйства,%,город,,,97.3
2020,Доступ к централизованной канализации для членов домохозяйства,%,город,,,98.7
2021,Доступ к централизованной канализации для членов домохозяйства,%,город,,,99.3
2015,Доступ к централизованной канализации для членов домохозяйства,%,село,,,20.3
2016,Доступ к централизованной канализации для членов домохозяйства,%,село,,,20.3
2017,Доступ к централизованной канализации для членов домохозяйства,%,село,,,25.3
2018,Доступ к централизованной канализации для членов домохозяйства,%,село,,,28.6
2019,Доступ к централизованной канализации для членов домохозяйства,%,село,,,38.1
2020,Доступ к централизованной канализации для членов домохозяйства,%,село,,,48.6
2021,Доступ к централизованной канализации для членов домохозяйства,%,село,,,47.5
2015,Услуга доступа к мусору для членов семьи,%,,,,87.6
2016,Услуга доступа к мусору для членов семьи,%,,,,86.6
2017,Услуга доступа к мусору для членов семьи,%,,,,91.7
2018,Услуга доступа к мусору для членов семьи,%,,,,93.6
2019,Услуга доступа к мусору для членов семьи,%,,,,95.7
2020,Услуга доступа к мусору для членов семьи,%,,,,97.0
2021,Услуга доступа к мусору для членов семьи,%,,,,95.7
2015,Услуга доступа к мусору для членов семьи,%,город,,,98.7
2016,Услуга доступа к мусору для членов семьи,%,город,,,98.7
2017,Услуга доступа к мусору для членов семьи,%,город,,,99.8
2018,Услуга доступа к мусору для членов семьи,%,город,,,99.4
2019,Услуга доступа к мусору для членов семьи,%,город,,,99.9
2020,Услуга доступа к мусору для членов семьи,%,город,,,99.4
2021,Услуга доступа к мусору для членов семьи,%,город,,,99.8
2015,Услуга доступа к мусору для членов семьи,%,село,,,66.7
2016,Услуга доступа к мусору для членов семьи,%,село,,,63.6
2017,Услуга доступа к мусору для членов семьи,%,село,,,78.7
2018,Услуга доступа к мусору для членов семьи,%,село,,,84.2
2019,Услуга доступа к мусору для членов семьи,%,село,,,89.0
2020,Услуга доступа к мусору для членов семьи,%,село,,,92.6
2021,Услуга доступа к мусору для членов семьи,%,село,,,89.5
2015,доступ членов домашнего хозяйства к интернету,%,,,,59.1
2016,доступ членов домашнего хозяйства к интернету,%,,,,64.3
2017,доступ членов домашнего хозяйства к интернету,%,,,,64.7
2018,доступ членов домашнего хозяйства к интернету,%,,,,68.2
2019,доступ членов домашнего хозяйства к интернету,%,,,,66.5
2020,доступ членов домашнего хозяйства к интернету,%,,,,76.5
2021,доступ членов домашнего хозяйства к интернету,%,,,,78.6
2015,доступ членов домашнего хозяйства к интернету,%,,мужчина,,60.8
2016,доступ членов домашнего хозяйства к интернету,%,,мужчина,,65.5
2017,доступ членов домашнего хозяйства к интернету,%,,мужчина,,66.3
2018,доступ членов домашнего хозяйства к интернету,%,,мужчина,,69.9
2019,доступ членов домашнего хозяйства к интернету,%,,мужчина,,65.8
2020,доступ членов домашнего хозяйства к интернету,%,,мужчина,,74.9
2021,доступ членов домашнего хозяйства к интернету,%,,мужчина,,75.5
2015,доступ членов домашнего хозяйства к интернету,%,,женщина,,57.8
2016,доступ членов домашнего хозяйства к интернету,%,,женщина,,63.4
2017,доступ членов домашнего хозяйства к интернету,%,,женщина,,63.4
2018,доступ членов домашнего хозяйства к интернету,%,,женщина,,66.9
2019,доступ членов домашнего хозяйства к интернету,%,,женщина,,67.2
2020,доступ членов домашнего хозяйства к интернету,%,,женщина,,78.1
2021,доступ членов домашнего хозяйства к интернету,%,,женщина,,81.4
2015,Доступ к электроэнергии для членов семьи,%,,,,99.6
2016,Доступ к электроэнергии для членов семьи,%,,,,99.8
2017,Доступ к электроэнергии для членов семьи,%,,,,99.7
2018,Доступ к электроэнергии для членов семьи,%,,,,99.9
2019,Доступ к электроэнергии для членов семьи,%,,,,100.0
2020,Доступ к электроэнергии для членов семьи,%,,,,100.0
2021,Доступ к электроэнергии для членов семьи,%,,,,100.0
2015,Доступ к электроэнергии для членов семьи,%,город,,,95.5
2016,Доступ к электроэнергии для членов семьи,%,город,,,99.8
2017,Доступ к электроэнергии для членов семьи,%,город,,,99.8
2018,Доступ к электроэнергии для членов семьи,%,город,,,99.9
2019,Доступ к электроэнергии для членов семьи,%,город,,,100.0
2020,Доступ к электроэнергии для членов семьи,%,город,,,100.0
2021,Доступ к электроэнергии для членов семьи,%,город,,,100.0
2015,Доступ к электроэнергии для членов семьи,%,село,,,96.7
2016,Доступ к электроэнергии для членов семьи,%,село,,,99.7
2017,Доступ к электроэнергии для членов семьи,%,село,,,99.7
2018,Доступ к электроэнергии для членов семьи,%,село,,,99.9
2019,Доступ к электроэнергии для членов семьи,%,село,,,100.0
2020,Доступ к электроэнергии для членов семьи,%,село,,,100.0
2021,Доступ к электроэнергии для членов семьи,%,село,,,100.0
2017,"Доля членов домохозяйств, в первую очередь зависящих от экологически чистых видов топлива и технологий.",%,,,,57.0
2018,"Доля членов домохозяйств, в первую очередь зависящих от экологически чистых видов топлива и технологий.",%,,,,59.3
2019,"Доля членов домохозяйств, в первую очередь зависящих от экологически чистых видов топлива и технологий.",%,,,,69.2
2020,"Доля членов домохозяйств, в первую очередь зависящих от экологически чистых видов топлива и технологий.",%,,,,73.3
2021,"Доля членов домохозяйств, в первую очередь зависящих от экологически чистых видов топлива и технологий.",%,,,,69.9
2015,"Доля членов домохозяйств, в первую очередь зависящих от экологически чистых видов топлива и технологий.",%,город,,,82.5
2016,"Доля членов домохозяйств, в первую очередь зависящих от экологически чистых видов топлива и технологий.",%,город,,,81.3
2017,"Доля членов домохозяйств, в первую очередь зависящих от экологически чистых видов топлива и технологий.",%,город,,,84.0
2018,"Доля членов домохозяйств, в первую очередь зависящих от экологически чистых видов топлива и технологий.",%,город,,,85.1
2019,"Доля членов домохозяйств, в первую очередь зависящих от экологически чистых видов топлива и технологий.",%,город,,,92.9
2020,"Доля членов домохозяйств, в первую очередь зависящих от экологически чистых видов топлива и технологий.",%,город,,,94.8
2021,"Доля членов домохозяйств, в первую очередь зависящих от экологически чистых видов топлива и технологий.",%,город,,,93.4
2015,"Доля членов домохозяйств, в первую очередь зависящих от экологически чистых видов топлива и технологий.",%,село,,,15.5
2016,"Доля членов домохозяйств, в первую очередь зависящих от экологически чистых видов топлива и технологий.",%,село,,,13.3
2017,"Доля членов домохозяйств, в первую очередь зависящих от экологически чистых видов топлива и технологий.",%,село,,,14.5
2018,"Доля членов домохозяйств, в первую очередь зависящих от экологически чистых видов топлива и технологий.",%,село,,,17.2
2019,"Доля членов домохозяйств, в первую очередь зависящих от экологически чистых видов топлива и технологий.",%,село,,,31.5
2020,"Доля членов домохозяйств, в первую очередь зависящих от экологически чистых видов топлива и технологий.",%,село,,,42.7
2021,"Доля членов домохозяйств, в первую очередь зависящих от экологически чистых видов топлива и технологий.",%,село,,,40.5
2021,Доступ к централизованному водоснабжению для членов домохозяства,%,,мужчина,,94.9
2021,Доступ к централизованному водоснабжению для членов домохозяства,%,,женщина,,95.7
2021,Доступ к централизованному водоснабжению для членов домохозяства,%,,,не бедный,95.8
2021,Доступ к централизованному водоснабжению для членов домохозяства,%,,,бедный,94.8
2021,Доступ к централизованному водоснабжению для членов домохозяства,%,,,крайне бедный,95.7
2021,Доступ к централизованной канализации для членов домохозяйства,%,,мужчина,,75.2
2021,Доступ к централизованной канализации для членов домохозяйства,%,,женщина,,78.1
2021,Доступ к централизованной канализации для членов домохозяйства,%,,,не бедный,81.5
2021,Доступ к централизованной канализации для членов домохозяйства,%,,,бедный,71.3
2021,Доступ к централизованной канализации для членов домохозяйства,%,,,крайне бедный,63.4
2021,Услуга доступа к мусору для членов семьи,%,,мужчина,,95.2
2021,Услуга доступа к мусору для членов семьи,%,,женщина,,96.1
2021,Услуга доступа к мусору для членов семьи,%,,,не бедный,95.1
2021,Услуга доступа к мусору для членов семьи,%,,,бедный,96.3
2021,Услуга доступа к мусору для членов семьи,%,,,крайне бедный,100.0
2021,доступ членов домашнего хозяйства к интернету,%,,,не бедный,81.4
2021,доступ членов домашнего хозяйства к интернету,%,,,бедный,75.7
2021,доступ членов домашнего хозяйства к интернету,%,,,крайне бедный,59.9
2021,Доступ к электроэнергии для членов семьи,%,,мужчина,,100.0
2021,Доступ к электроэнергии для членов семьи,%,,женщина,,100.0
2021,Доступ к электроэнергии для членов семьи,%,,,не бедный,100.0
2021,Доступ к электроэнергии для членов семьи,%,,,бедный,100.0
2021,Доступ к электроэнергии для членов семьи,%,,,крайне бедный,100.0
2021,"Доля членов домохозяйств, в первую очередь зависящих от экологически чистых видов топлива и технологий.",%,,мужчина,,67.8
2021,"Доля членов домохозяйств, в первую очередь зависящих от экологически чистых видов топлива и технологий.",%,,женщина,,71.8
2021,"Доля членов домохозяйств, в первую очередь зависящих от экологически чистых видов топлива и технологий.",%,,,не бедный,76.9
2021,"Доля членов домохозяйств, в первую очередь зависящих от экологически чистых видов топлива и технологий.",%,,,бедный,62.2
2021,"Доля членов домохозяйств, в первую очередь зависящих от экологически чистых видов топлива и технологий.",%,,,крайне бедный,43.4
2022,Доступ к централизованному водоснабжению для членов домохозяства,%,,,,94.6
2022,Доступ к централизованному водоснабжению для членов домохозяства,%,город,,,99.6
2022,Доступ к централизованному водоснабжению для членов домохозяства,%,село,,,87.3
2022,Доступ к централизованному водоснабжению для членов домохозяства,%,,мужчина,,94.2
2022,Доступ к централизованному водоснабжению для членов домохозяства,%,,женщина,,95.0
2022,Доступ к централизованному водоснабжению для членов домохозяства,%,,,не бедный,94.6
2022,Доступ к централизованному водоснабжению для членов домохозяства,%,,,бедный,94.8
2022,Доступ к централизованному водоснабжению для членов домохозяства,%,,,крайне бедный,82.2
2022,Доступ к централизованной канализации для членов домохозяйства,%,,,,78.4
2022,Доступ к централизованной канализации для членов домохозяйства,%,город,,,98.1
2022,Доступ к централизованной канализации для членов домохозяйства,%,село,,,48.9
2022,Доступ к централизованной канализации для членов домохозяйства,%,,мужчина,,77.0
2022,Доступ к централизованной канализации для членов домохозяйства,%,,женщина,,79.6
2022,Доступ к централизованной канализации для членов домохозяйства,%,,,не бедный,79.6
2022,Доступ к централизованной канализации для членов домохозяйства,%,,,бедный,74.6
2022,Доступ к централизованной канализации для членов домохозяйства,%,,,крайне бедный,71.5
2022,Услуга доступа к мусору для членов семьи,%,,,,95.7
2022,Услуга доступа к мусору для членов семьи,%,город,,,99.9
2022,Услуга доступа к мусору для членов семьи,%,село,,,89.4
2022,Услуга доступа к мусору для членов семьи,%,,мужчина,,95.4
2022,Услуга доступа к мусору для членов семьи,%,,женщина,,95.9
2022,Услуга доступа к мусору для членов семьи,%,,,не бедный,96.0
2022,Услуга доступа к мусору для членов семьи,%,,,бедный,94.9
2022,Услуга доступа к мусору для членов семьи,%,,,крайне бедный,84.3
2022,доступ членов домашнего хозяйства к интернету,%,,,,77.0
2022,доступ членов домашнего хозяйства к интернету,%,город,,,79.5
2022,доступ членов домашнего хозяйства к интернету,%,село,,,73.3
2022,доступ членов домашнего хозяйства к интернету,%,,мужчина,,74.4
2022,доступ членов домашнего хозяйства к интернету,%,,женщина,,79.3
2022,доступ членов домашнего хозяйства к интернету,%,,,не бедный,78.4
2022,доступ членов домашнего хозяйства к интернету,%,,,бедный,72.7
2022,доступ членов домашнего хозяйства к интернету,%,,,крайне бедный,62.8
2022,Доступ к электроэнергии для членов семьи,%,,,,100.0
2022,Доступ к электроэнергии для членов семьи,%,город,,,100.0
2022,Доступ к электроэнергии для членов семьи,%,село,,,100.0
2022,Доступ к электроэнергии для членов семьи,%,,мужчина,,100.0
2022,Доступ к электроэнергии для членов семьи,%,,женщина,,100.0
2022,Доступ к электроэнергии для членов семьи,%,,,не бедный,100.0
2022,Доступ к электроэнергии для членов семьи,%,,,бедный,100.0
2022,Доступ к электроэнергии для членов семьи,%,,,крайне бедный,100.0
2022,"Доля населения, имеющая доступ к средствам для мытья рук с мылом и водой.",%,,,,98.0
2022,"Доля населения, имеющая доступ к средствам для мытья рук с мылом и водой.",%,город,,,99.2
2022,"Доля населения, имеющая доступ к средствам для мытья рук с мылом и водой.",%,село,,,96.2
2022,"Доля населения, имеющая доступ к средствам для мытья рук с мылом и водой.",%,,мужчина,,98.0
2022,"Доля населения, имеющая доступ к средствам для мытья рук с мылом и водой.",%,,женщина,,98.0
2022,"Доля населения, имеющая доступ к средствам для мытья рук с мылом и водой.",%,,,не бедный,98.4
2022,"Доля населения, имеющая доступ к средствам для мытья рук с мылом и водой.",%,,,бедный,97.5
2022,"Доля населения, имеющая доступ к средствам для мытья рук с мылом и водой.",%,,,крайне бедный,94.2
2023,Доступ к централизованному водоснабжению для членов домохозяства,%,,,,94.2
2023,Доступ к централизованному водоснабжению для членов домохозяства,%,город,,,99.0
2023,Доступ к централизованному водоснабжению для членов домохозяства,%,село,,,87.4
2023,Доступ к централизованному водоснабжению для членов домохозяства,%,,мужчина,,93.9
2023,Доступ к централизованному водоснабжению для членов домохозяства,%,,женщина,,94.6
2023,Доступ к централизованному водоснабжению для членов домохозяства,%,,,не бедный,95.1
2023,Доступ к централизованному водоснабжению для членов домохозяства,%,,,бедный,91.4
2023,Доступ к централизованному водоснабжению для членов домохозяства,%,,,крайне бедный,79.2
2023,Доступ к централизованной канализации для членов домохозяйства,%,,,,77.4
2023,Доступ к централизованной канализации для членов домохозяйства,%,город,,,97.0
2023,Доступ к централизованной канализации для членов домохозяйства,%,село,,,48.8
2023,Доступ к централизованной канализации для членов домохозяйства,%,,мужчина,,76.1
2023,Доступ к централизованной канализации для членов домохозяйства,%,,женщина,,78.4
2023,Доступ к централизованной канализации для членов домохозяйства,%,,,не бедный,78.0
2023,Доступ к централизованной канализации для членов домохозяйства,%,,,бедный,75.2
2023,Доступ к централизованной канализации для членов домохозяйства,%,,,крайне бедный,63.9
2023,Услуга доступа к мусору для членов семьи,%,,,,96.4
2023,Услуга доступа к мусору для членов семьи,%,город,,,99.7
2023,Услуга доступа к мусору для членов семьи,%,село,,,91.6
2023,Услуга доступа к мусору для членов семьи,%,,мужчина,,96.2
2023,Услуга доступа к мусору для членов семьи,%,,женщина,,96.6
2023,Услуга доступа к мусору для членов семьи,%,,,не бедный,97.0
2023,Услуга доступа к мусору для членов семьи,%,,,бедный,94.3
2023,Услуга доступа к мусору для членов семьи,%,,,крайне бедный,88.4
2023,доступ членов домашнего хозяйства к интернету,%,,,,80.0
2023,доступ членов домашнего хозяйства к интернету,%,город,,,83.5
2023,доступ членов домашнего хозяйства к интернету,%,село,,,74.9
2023,доступ членов домашнего хозяйства к интернету,%,,мужчина,,77.9
2023,доступ членов домашнего хозяйства к интернету,%,,женщина,,81.9
2023,доступ членов домашнего хозяйства к интернету,%,,,не бедный,81.1
2023,доступ членов домашнего хозяйства к интернету,%,,,бедный,76.3
2023,доступ членов домашнего хозяйства к интернету,%,,,крайне бедный,61.0
2023,Доступ к электроэнергии для членов семьи,%,,,,100.0
2023,Доступ к электроэнергии для членов семьи,%,город,,,100.0
2023,Доступ к электроэнергии для членов семьи,%,село,,,100.0
2023,Доступ к электроэнергии для членов семьи,%,,мужчина,,100.0
2023,Доступ к электроэнергии для членов семьи,%,,женщина,,100.0
2023,Доступ к электроэнергии для членов семьи,%,,,не бедный,100.0
2023,Доступ к электроэнергии для членов семьи,%,,,бедный,100.0
2023,Доступ к электроэнергии для членов семьи,%,,,крайне бедный,100.0
2023,"Доля населения, имеющая доступ к средствам для мытья рук с мылом и водой.",%,,,,97.9
2023,"Доля населения, имеющая доступ к средствам для мытья рук с мылом и водой.",%,город,,,98.9
2023,"Доля населения, имеющая доступ к средствам для мытья рук с мылом и водой.",%,село,,,96.5
2023,"Доля населения, имеющая доступ к средствам для мытья рук с мылом и водой.",%,,мужчина,,97.8
2023,"Доля населения, имеющая доступ к средствам для мытья рук с мылом и водой.",%,,женщина,,98.0
2023,"Доля населения, имеющая доступ к средствам для мытья рук с мылом и водой.",%,,,не бедный,98.3
2023,"Доля населения, имеющая доступ к средствам для мытья рук с мылом и водой.",%,,,бедный,96.6
2023,"Доля населения, имеющая доступ к средствам для мытья рук с мылом и водой.",%,,,крайне бедный,95.6
2024,Доступ к централизованному водоснабжению для членов домохозяства,%,,,,95.6
2024,Доступ к централизованному водоснабжению для членов домохозяства,%,город,,,99.9
2024,Доступ к централизованному водоснабжению для членов домохозяства,%,село,,,87.7
2024,Доступ к централизованному водоснабжению для членов домохозяства,%,,мужчина,,95.2
2024,Доступ к централизованному водоснабжению для членов домохозяства,%,,женщина,,96.0
2024,Доступ к централизованному водоснабжению для членов домохозяства,%,,,не бедный,95.9
2024,Доступ к централизованному водоснабжению для членов домохозяства,%,,,бедный,94.6
2024,Доступ к централизованному водоснабжению для членов домохозяства,%,,,крайне бедный,76.0
2024,Доступ к централизованной канализации для членов домохозяйства,%,,,,83.3
2024,Доступ к централизованной канализации для членов домохозяйства,%,город,,,98.6
2024,Доступ к централизованной канализации для членов домохозяйства,%,село,,,55.1
2024,Доступ к централизованной канализации для членов домохозяйства,%,,мужчина,,82.4
2024,Доступ к централизованной канализации для членов домохозяйства,%,,женщина,,84.1
2024,Доступ к централизованной канализации для членов домохозяйства,%,,,не бедный,83.7
2024,Доступ к централизованной канализации для членов домохозяйства,%,,,бедный,81.9
2024,Доступ к централизованной канализации для членов домохозяйства,%,,,крайне бедный,74.8
2024,Услуга доступа к мусору для членов семьи,%,,,,98.2
2024,Услуга доступа к мусору для членов семьи,%,город,,,99.8
2024,Услуга доступа к мусору для членов семьи,%,село,,,95.2
2024,Услуга доступа к мусору для членов семьи,%,,мужчина,,98.2
2024,Услуга доступа к мусору для членов семьи,%,,женщина,,98.2
2024,Услуга доступа к мусору для членов семьи,%,,,не бедный,98.2
2024,Услуга доступа к мусору для членов семьи,%,,,бедный,98.4
2024,Услуга доступа к мусору для членов семьи,%,,,крайне бедный,97.0
2024,доступ членов домашнего хозяйства к интернету,%,,,,83.4
2024,доступ членов домашнего хозяйства к интернету,%,город,,,85.6
2024,доступ членов домашнего хозяйства к интернету,%,село,,,79.5
2024,доступ членов домашнего хозяйства к интернету,%,,мужчина,,81.6
2024,доступ членов домашнего хозяйства к интернету,%,,женщина,,85.0
2024,доступ членов домашнего хозяйства к интернету,%,,,не бедный,84.9
2024,доступ членов домашнего хозяйства к интернету,%,,,бедный,78.1
2024,доступ членов домашнего хозяйства к интернету,%,,,крайне бедный,56.2
2024,Доступ к электроэнергии для членов семьи,%,,,,100.0
2024,Доступ к электроэнергии для членов семьи,%,город,,,100.0
2024,Доступ к электроэнергии для членов семьи,%,село,,,100.0
2024,Доступ к электроэнергии для членов семьи,%,,мужчина,,100.0
2024,Доступ к электроэнергии для членов семьи,%,,женщина,,100.0
2024,Доступ к электроэнергии для членов семьи,%,,,не бедный,100.0
2024,Доступ к электроэнергии для членов семьи,%,,,бедный,100.0
2024,Доступ к электроэнергии для членов семьи,%,,,крайне бедный,100.0
2024,"Доля членов домохозяйств, в первую очередь зависящих от экологически чистых видов топлива и технологий.",%,,,,79.9
2024,"Доля членов домохозяйств, в первую очередь зависящих от экологически чистых видов топлива и технологий.",%,город,,,94.1
2024,"Доля членов домохозяйств, в первую очередь зависящих от экологически чистых видов топлива и технологий.",%,село,,,51.2
2024,"Доля членов домохозяйств, в первую очередь зависящих от экологически чистых видов топлива и технологий.",%,,мужчина,,77.6
2024,"Доля членов домохозяйств, в первую очередь зависящих от экологически чистых видов топлива и технологий.",%,,женщина,,80.3
2024,"Доля членов домохозяйств, в первую очередь зависящих от экологически чистых видов топлива и технологий.",%,,,не бедный,82.7
2024,"Доля членов домохозяйств, в первую очередь зависящих от экологически чистых видов топлива и технологий.",%,,,бедный,65.6
2024,"Доля членов домохозяйств, в первую очередь зависящих от экологически чистых видов топлива и технологий.",%,,,крайне бедный,53.3
2024,"Доля населения, имеющая доступ к средствам для мытья рук с мылом и водой.",%,,,,98.7
2024,"Доля населения, имеющая доступ к средствам для мытья рук с мылом и водой.",%,город,,,99.0
2024,"Доля населения, имеющая доступ к средствам для мытья рук с мылом и водой.",%,село,,,98.0
2024,"Доля населения, имеющая доступ к средствам для мытья рук с мылом и водой.",%,,мужчина,,98.6
2024,"Доля населения, имеющая доступ к средствам для мытья рук с мылом и водой.",%,,женщина,,98.7
2024,"Доля населения, имеющая доступ к средствам для мытья рук с мылом и водой.",%,,,не бедный,99.1
2024,"Доля населения, имеющая доступ к средствам для мытья рук с мылом и водой.",%,,,бедный,97.1
2024,"Доля населения, имеющая доступ к средствам для мытья рук с мылом и водой.",%,,,крайне бедный,78.9
