Year,Группа,Units,Value
2021,Определенные на национальном уровне вклады,"да=1, нет=0",1
2021,Национальный план по адаптации,"да=1, нет=0",1
2023,Долгосрочная стратегия,"да=1, нет=0",1
2020,"National Communication, https://unfccc.int/sites/default/files/resource/NC4_Armenia_.pdf","да=1, нет=0",1
2023,"National Greenhouse Gas Inventory Report, https://unfccc.int/sites/default/files/resource/NIR%202019_EN.pdf","да=1, нет=0",1
