Year,Группа,Units,Value
2021,Определенные на национальном уровне вклады,"да=1, нет=0",1
2021,Национальный план по адаптации,"да=1, нет=0",1
2023,Долгосрочная стратегия,"да=1, нет=0",1
2020,Национальная коммуникация,"да=1, нет=0",1
2023,Национальный кадастр парниковых газов,"да=1, нет=0",1
2025,National Greenhouse Gas Inventory Document of Armenia 1990-2022,"да=1, нет=0",1
