Year,Units,Пол,Value
2015,%,мужчина,52
2015,%,женщина,48
2016,%,мужчина,52
2016,%,женщина,48
2017,%,мужчина,52
2017,%,женщина,48
2018,%,мужчина,50
2018,%,женщина,50
2019,%,мужчина,53
2019,%,женщина,47
2020,%,мужчина,52
2020,%,женщина,48
2021,%,мужчина,52
2021,%,женщина,48
2022,%,мужчина,52
2022,%,женщина,48
2023,%,мужчина,53
2023,%,женщина,47
2024,%,мужчина,52
2024,%,женщина,48
