Year,Units,Категория,Пол,Value
2015,"на 1,000 живорожденных",0-28 дней,,6.3
2016,"на 1,000 живорожденных",0-28 дней,,6.1
2017,"на 1,000 живорожденных",0-28 дней,,6.2
2018,"на 1,000 живорожденных",0-28 дней,,5.0
2019,"на 1,000 живорожденных",0-28 дней,,4.7
2020,"на 1,000 живорожденных",0-28 дней,,5.6
2021,"на 1,000 живорожденных",0-28 дней,,4.9
2015,"на 1,000 живорожденных",0-28 дней,мальчик,6.5
2016,"на 1,000 живорожденных",0-28 дней,мальчик,7.1
2017,"на 1,000 живорожденных",0-28 дней,мальчик,6.8
2018,"на 1,000 живорожденных",0-28 дней,мальчик,5.2
2019,"на 1,000 живорожденных",0-28 дней,мальчик,5.6
2020,"на 1,000 живорожденных",0-28 дней,мальчик,6.7
2021,"на 1,000 живорожденных",0-28 дней,мальчик,5.5
2015,"на 1,000 живорожденных",0-28 дней,девочка,6.0
2016,"на 1,000 живорожденных",0-28 дней,девочка,5.1
2017,"на 1,000 живорожденных",0-28 дней,девочка,5.6
2018,"на 1,000 живорожденных",0-28 дней,девочка,4.7
2019,"на 1,000 живорожденных",0-28 дней,девочка,3.7
2020,"на 1,000 живорожденных",0-28 дней,девочка,4.5
2021,"на 1,000 живорожденных",0-28 дней,девочка,4.3
