Year,Индикатор,Units,Value
2015,Предоставление дородового ухода и ухода квалифицированным специалистом,%,100.0
2015,Как минимум одно ультразвуковое исследование во время беременности,%,99.0
2015,"В течение первых двух дней после рождения, послеродовой осмотр матери",%,97.0
2015,В течение первых двух дней после рождения осмотр новорожденного,%,98.0
