Year,Units,Категория,Value
2015,%,доля ВВП,9.2
2016,%,доля ВВП,10.3
2017,%,доля ВВП,10.6
2015,драм,на душу населения,154538.0
2016,драм,на душу населения,174165.0
2017,драм,на душу населения,198553.0
2018,%,доля ВВП,11.3
2018,драм,на душу населения,228439.0
2019,%,доля ВВП,11.7
2019,драм,на душу населения,258674.0
2020,%,доля ВВП,12.3
2020,драм,на душу населения,257690.0
2021,%,доля ВВП,11.0
2021,драм,на душу населения,260373.5
2022,%,доля ВВП,11.4
2022,драм,на душу населения,331752.5
2023,%,доля ВВП,10.6
2023,драм,на душу населения,336697.9
