Year,Units,Category,Value
2015,"per 100,000 population",infectious and parasitic diseases,0.3
2016,"per 100,000 population",infectious and parasitic diseases,0.2
2017,"per 100,000 population",infectious and parasitic diseases,0.2
2018,"per 100,000 population",infectious and parasitic diseases,0.1
2019,"per 100,000 population",infectious and parasitic diseases,0.3
2020,"per 100,000 population",infectious and parasitic diseases,0.4
2021,"per 100,000 population",infectious and parasitic diseases,0.8
